scaffold_smiles,count
[NO_SCAFFOLD],1775
c1ccccc1,1474
c1ccncc1,89
c1ccc(Cc2ccccc2)cc1,83
c1ccc2ccccc2c1,69
C1CCCCC1,63
c1c[nH+]c[nH]1,48
c1ccc(Oc2ccccc2)cc1,45
c1ccc(-c2ccccc2)cc1,40
C1=CCCCC1,38
O=C(c1ccccc1)c1ccccc1,35
c1ccc2ncccc2c1,35
O=C1C=C2CC[C@H]3[C@@H]4CCCC4CC[C@@H]3C2CC1,29
c1ccc(Nc2ccccc2)cc1,29
c1cc[nH+]cc1,27
c1ccc2[nH]ccc2c1,26
c1ccoc1,26
c1ncncn1,26
O=C1C=CC2C(=C1)CC[C@@H]1C2CCC2CCC[C@H]21,24
O=C1c2ccccc2C(=O)c2ccccc21,24
O=C(Nc1ccccc1)c1ccccc1,23
C1CO1,21
C1CCOCC1,20
c1ccc2scnc2c1,20
c1c[nH]cn1,18
c1cncnc1,18
c1ccc2c(c1)CC[C@@H]1[C@@H]2CCC2CCC[C@H]21,17
c1ccc2c(c1)OCO2,17
c1cscn1,17
C1CCNCC1,16
O=C1C=CC2C(=C1)CC[C@H]1[C@@H]3CCCC3CC[C@H]21,15
O=c1[nH]c(=O)c2[nH]cnc2[nH]1,15
C1COCCN1,14
c1ccc2c(c1)Nc1ccccc1S2,14
O=C1CCCN1,13
c1ccc2[nH]cnc2c1,13
c1ccccc1.c1ccccc1,13
C1CCOC1,12
O=C1CCCCC1,12
O=C1CCCO1,12
c1ccc2c(c1)Cc1ccccc1-2,12
c1ncc2ncn([C@H]3CCCO3)c2n1,12
C1=CC(c2ccccc2)C=CN1,11
C1CC2CCC1C2,11
C1CC[NH2+]C1,11
C1CNCCN1,11
O=C1NC(=O)c2ccccc21,11
O=c1ccc2ccccc2o1,11
O=c1ccn([C@H]2CCCO2)c(=O)[nH]1,11
c1ccc(Sc2ccccc2)cc1,11
c1ccc2cc3ccccc3cc2c1,11
c1cnccn1,11
C1CCNC1,10
O=C(Oc1ccccc1)c1ccccc1,10
O=S(=O)(c1ccccc1)c1ccccc1,10
C1CC[NH2+]CC1,9
O=C(OCc1cccc(Oc2ccccc2)c1)C1CC1,9
O=C1C=C2CC[C@@H]3[C@H](CCC4CCC[C@H]43)[C@H]2CC1,9
O=C1CNC(=O)N1,9
c1ccc2c(c1)Sc1ccccc1N2CCCN1CCNCC1,9
C(=C(c1ccccc1)c1ccccc1)c1ccccc1,8
C1CCCC1,8
O=C1C=CCCC1,8
O=C1CC(=O)NC(=O)N1,8
O=C1CN=C(c2ccccc2)c2ccccc2N1,8
O=S1(=O)NCNc2ccccc21,8
O=c1cc(-c2ccccc2)oc2ccccc12,8
c1ccc(/N=N/c2cccc3ccccc23)cc1,8
c1ccc(/N=N/c2ccccc2)cc1,8
C1CC[C@H]2CC[C@H]3[C@@H]4CCCC4CC[C@@H]3C2C1,7
C=C1CCCC/C1=C/C=C1\CCCC2CCC[C@@H]12,7
O=C(Cc1ccccc1)N[C@@H]1C(=O)N2CCS[C@H]12,7
O=C1C=CC(=O)C=C1,7
O=C1C=CCO1,7
O=C1CC=NN1c1ccccc1,7
O=c1cc[nH]n1-c1ccccc1,7
c1ccc(N2CCNCC2)cc1,7
c1ccc2c(c1)ccc1ccccc12,7
c1ccsc1,7
C(=Cc1ccccc1)c1ccccc1,6
C1CC[C@@H](O[C@@H]2CCC[C@H](O[C@@H]3CCCCO3)C2)OC1,6
C=C(c1ccccc1)c1ccccc1,6
O=C1C2=CC3C(=O)C=CC[C@@H]3C[C@@H]2Cc2ccccc21,6
O=C1CCC(=O)O1,6
O=C1OC(=O)c2ccccc21,6
O=C1OC2(c3ccccc3Oc3ccccc32)c2ccccc21,6
O=P(Oc1ccccc1)(Oc1ccccc1)Oc1ccccc1,6
O=S(=O)(Nc1ncccn1)c1ccccc1,6
O=c1[nH]c(=O)[nH]c(=O)[nH]1,6
O=c1cc[nH]c(=O)[nH]1,6
O=c1ccn(C2CC2)c2cc(N3CCNCC3)ccc12,6
O=c1ncccn1[C@H]1CCCO1,6
c1ccc(C(c2ccccc2)N2CCNCC2)cc1,6
c1ccc(CCN2CCC(Nc3ccccc3)CC2)cc1,6
c1ccc(CCc2ccccc2)cc1,6
c1ccc(Cc2ccccn2)cc1,6
c1ccc(Nc2ccccn2)cc1,6
c1ccc2c(c1)CCO2,6
c1ccc2c(c1)CCc1ccccc1N2,6
c1ccc2cnncc2c1,6
C1=C[C@H]2[C@H]3Cc4cccc5c4[C@@]2(CCN3)[C@H](C1)O5,5
C1COCOC1,5
N=C(C(=O)N[C@@H]1C(=O)N2C=CCS[C@H]12)c1cscn1,5
O=C(Cc1ccccc1)c1ccccc1,5
O=C(NC(=O)c1ccccc1)Nc1ccccc1,5
O=C(Nc1ccccc1)Nc1ccccc1,5
O=C(OCc1ccccc1)c1ccccc1,5
O=C1C=CC(=O)c2ccccc21,5
O=C1CCCC1,5
O=C1CCCCO1,5
O=C1CCCCOC(=O)C[C@@H](O[C@H]2CCCCO2)C[C@@H](O[C@H]2CCCCO2)CCC1,5
O=C1CNC(=O)[C@H](Cc2ccccc2)NC(=O)[C@H](Cc2ccccc2)NC(=O)CCSSC[C@@H](C(=O)N2CCCC2)NC(=O)CN1,5
O=C1c2ccccc2C(=O)c2cc3c(cc21)CCC[C@@H]3O[C@H]1CCCCO1,5
O=S(=O)(Nc1ccncn1)c1ccccc1,5
O=S(=O)(Nc1nncs1)c1ccccc1,5
O=S1(=O)OC(c2ccccc2)(c2ccccc2)c2ccccc21,5
O=[PH](Oc1ccccc1)Oc1ccccc1,5
O=c1c(-c2ccccc2)coc2ccccc12,5
c1ccc(C2CCNCC2)cc1,5
c1ccc(CC2CCCCC2)cc1,5
c1ccc(CCn2cncn2)cc1,5
c1ccc(COc2ccccc2)cc1,5
c1ccc(N=Nc2ccccc2)cc1,5
c1ccc(Oc2ccccn2)cc1,5
c1ccc2c(c1)CCCC2,5
c1ccc2c(c1)CCCO2,5
c1cn[nH]c1,5
c1ncc2nc[nH]c2n1,5
C(=C/c1ccccc1)\c1ccccc1,4
C1=C2CCCCC2[C@H]2CCC3CCC[C@H]3[C@@H]2C1,4
C1=C2CC[C@@H]3[C@H](CCC4CCC[C@H]43)[C@H]2CCC1,4
C1=C2c3cccc4[nH]cc(c34)C[C@H]2NCC1,4
C1=CCCC=C1,4
C1=CNCN1,4
C1CCC(CC2CCCCC2)CC1,4
C1CC[C@@H](OC2CCCO2)OC1,4
C=C1CC2CCC1C2,4
O=C(CCCN1CCC(c2ccccc2)CC1)c1ccccc1,4
O=C(Cc1ccccc1)N[C@@H]1C(=O)N2C=CCS[C@H]12,4
O=C(NCC1CCCN1)c1ccccc1,4
O=C(NC[C@@H]1CCCCO1)[C@@H]1CCCN1,4
O=C(NC[C@@H]1CCCN1)c1ccccc1,4
O=C(Nc1ncncn1)NS(=O)(=O)c1ccccc1,4
O=C(c1ccccc1)c1coc2ccccc12,4
O=C1C=C2C=C[C@H]3[C@@H]4CCCC4CC[C@@H]3C2CC1,4
O=C1C=C2CC[C@@H]3C(=C2CC1)C=CC1CCC[C@H]13,4
O=C1C=C2CC[C@@H]3C(CCC4CCC[C@H]43)C2CC1,4
O=C1C=CC(=C(c2ccccc2)c2ccccc2)C=C1,4
O=C1C=CC2C(=C1)CC[C@@H]1C2CCC2C3OCO[C@@H]3C[C@H]21,4
O=C1CC(=O)N(c2ccccc2)N1c1ccccc1,4
O=C1CC(=O)NC=N1,4
O=C1CCCc2ccccc21,4
O=C1CC[C@@H]2C1CC[C@@H]1C3CCCCC3=CC[C@@H]21,4
O=C1NCCN1,4
O=C1c2ccccc2C(=O)C1c1ccccc1,4
O=S(=O)(Nc1ccccc1)c1ccccc1,4
O=c1[nH]c2ccccc2o1,4
O=c1cc[nH]c(=S)[nH]1,4
O=c1cc[nH]c2cc(N3CCNCC3)ccc12,4
O=c1ccc2cc3ccoc3cc2o1,4
O=c1ccocc1,4
O=c1ccs[nH]1,4
[N+]=C1C=CC(=C(c2ccccc2)c2ccccc2)C=C1,4
c1cc2c3c(c[nH]c3c1)C[C@H]1NCCC[C@H]21,4
c1cc[cH-]c1.c1cc[cH-]c1,4
c1ccc(-c2cscn2)cc1,4
c1ccc(-n2nc3ccccc3n2)cc1,4
c1ccc(C2CCCCC2)cc1,4
c1ccc(CCCNCCc2ccccc2)cc1,4
c1ccc(CCNCCOc2ccccc2)cc1,4
c1ccc(CNc2ccccn2)cc1,4
c1ccc(Cc2cncnc2)cc1,4
c1ccc(Cn2ccnc2)cc1,4
c1ccc(OCC2CO2)cc1,4
c1ccc(OCCCOc2ccccc2)cc1,4
c1ccc2[nH]nnc2c1,4
c1ccc2c(c1)CCC2,4
c1ccc2c(c1)[nH]c1ccccc12,4
c1ccc2nccnc2c1,4
C(CCN1CCNCC1)=C1c2ccccc2Sc2ccccc21,3
C1=CC2=CC[C@H]3CCCCC3[C@H]2CC1,3
C1=CC2C3C=CC(C3)C2C1,3
C1=CC2CCC1C2,3
C1=COCCC1,3
C1=Cc2ccccc2/C1=C\c1ccccc1,3
C1C2CC3CC1CC(C2)C3,3
C1CCC(C2CCCCC2)CC1,3
C1CCC2CCCCC2C1,3
C1CCCCCCCCCCC1,3
C1CCCNCC1,3
C1CCCNCCC1,3
C1CC[C@@H]2CC[C@H]3[C@@H]4CCCC4CC[C@@H]3C2C1,3
C1COCCO1,3
C1C[C@H]2OCC[C@H]2O1,3
C1C[C@H]2OCO[C@H]2O1,3
O=C(CCN1CCCCC1)c1ccccc1,3
O=C(CCc1ccccc1)c1ccccc1,3
O=C(CNCCCc1ccccc1)N1CCCC1,3
O=C(CNCCCc1ccccc1)N1CCc2ccccc2C1,3
O=C(Cc1ccccc1)OCc1cccc(Oc2ccccc2)c1,3
O=C(Cc1ccccc1)O[C@H]1C[C@@H]2[NH2+][C@H](C1)[C@H]1O[C@H]12,3
O=C(N/N=C/c1ccccc1)c1ccncc1,3
O=C(NNC(=O)c1ccccc1)c1ccccc1,3
O=C(OCCCOC(=O)c1ccccc1)c1ccccc1,3
O=C(OCCc1ccccc1)c1ccccc1,3
O=C(O[C@H]1CC[C@H]2C[C@@H]3c4[nH]c5ccccc5c4CCN3C[C@H]2C1)c1ccccc1,3
O=C(c1ccccc1)c1cccs1,3
O=C(c1ccccc1)n1ccc2ccccc21,3
O=C1/C(=C2\Nc3ccccc3C2=O)Nc2ccccc21,3
O=C1C=C([C@H]2CCC3C2CC[C@@H]2C4CC[C@H](O[C@H]5CC[C@H](O[C@H]6CC[C@H](O[C@H]7CCCCO7)CO6)CO5)C[C@H]4CC[C@@H]32)CO1,3
O=C1C=CC2C(=C1)CC[C@@H]1[C@@H]2CCC2C3OCO[C@@H]3C[C@H]21,3
O=C1CC(=O)c2ccccc21,3
O=C1CCC(=O)N1,3
O=C1CCCCC1c1ccccc1,3
O=C1CCCCCN1,3
O=C1CCC[C@@H](CC[C@H]2CC=CC3=CCCC[C@@H]32)O1,3
O=C1CCC[C@@H](O[C@H]2CC[C@H](O[C@H]3CCCCO3)CO2)CCCCC=CC=CCCO1,3
O=C1CCN(c2ccccc2)N1,3
O=C1CCNCC1,3
O=C1CN(CCN2CC(=O)NC(=O)C2)CC(=O)N1,3
O=C1CN=C(c2ccccn2)N1,3
O=C1Cc2cc3n(c(=O)c2CO1)Cc1cc2ccccc2nc1-3,3
O=C1NC(=O)C(c2ccccc2)C(=O)N1,3
O=C1NC(=O)C2CC=CCC12,3
O=C1OC(c2ccccc2)(c2ccccc2)c2ccccc21,3
O=C1OCCO1,3
O=C1c2ccccc2C(=O)C1c1ccc2ccccc2n1,3
O=S(=O)(Nc1cccnn1)c1ccccc1,3
O=S(=O)(Nc1nccs1)c1ccccc1,3
O=S(=O)(Oc1ccccc1)c1ccccc1,3
O=S(Cc1ccccn1)c1nc2ccccc2[nH]1,3
O=[PH]1NCCCO1,3
O=c1[nH]c2ccccc2n1C1CCNCC1,3
O=c1[nH]cnc2[nH]cnc12,3
O=c1[nH]sc2ccccc12,3
O=c1c2ccccc2ncn1-c1ccccc1,3
O=c1c2ccccc2sc2ccccc12,3
O=c1cc[nH]cn1,3
O=c1ccc2c(-c3ccccc3)c3ccccc3oc-2c1,3
O=c1cccnn1-c1ccccc1,3
O=c1ccn(-c2ccccc2)c2cc(N3CCNCC3)ccc12,3
O=c1nc[nH]c2[nH]cnc12,3
O=c1oc2ccccc2cc1Cc1ccccc1,3
c1cc2ccc3cccc4ccc(c1)c2c34,3
c1ccc(-c2ccc3ccccc3n2)cc1,3
c1ccc(-c2ccnn2-c2ccccc2)cc1,3
c1ccc(-c2cn3ccccc3n2)cc1,3
c1ccc(-c2conc2-c2ccccc2)cc1,3
c1ccc(-c2nnn[nH]2)cc1,3
c1ccc(C(c2ccccc2)c2ccccc2)cc1,3
c1ccc(C2(Cn3cncn3)OCCO2)cc1,3
c1ccc(C2=NCc3nncn3-c3ccccc32)cc1,3
c1ccc(C2CC2)cc1,3
c1ccc(C2CO2)cc1,3
c1ccc(CC2=NCCN2)cc1,3
c1ccc(CCCCc2ccccc2)cc1,3
c1ccc(CCN2CCC(Cc3ccccc3)CC2)cc1,3
c1ccc(CCNCCc2ccccc2)cc1,3
c1ccc(CN2CCN(C(c3ccccc3)c3ccccc3)CC2)cc1,3
c1ccc(CNCc2ccccc2)cc1,3
c1ccc(CNc2ccccc2)cc1,3
c1ccc(COC(Cn2ccnc2)c2ccccc2)cc1,3
c1ccc(Cc2nccc3ccccc23)cc1,3
c1ccc(Cn2ncc3ccccc32)cc1,3
c1ccc(NC2CCN(CCc3cccs3)CC2)cc1,3
c1ccc(Nc2ccnc3ccccc23)cc1,3
c1ccc2[nH+]cc[nH+]c2c1,3
c1ccc2c(c1)CCCN2,3
c1ccc2c(c1)CC[C@H]1CCCCC21,3
c1ccc2c(c1)CCc1ccccc1C2,3
c1ccc2c(c1)CCc1cccnc1C2=C1CCNCC1,3
c1ccc2c(c1)Sc1ccccc1N2CCCN1CCCCC1,3
c1ccc2nc3ccccc3cc2c1,3
c1nc[nH]n1,3
c1ncc(C[n+]2ccsc2)cn1,3
c1ncnc(NC2CC2)n1,3
c1nncs1,3
C(/C=C1\CCCC2CCC[C@@H]12)=C1CCCCC1,2
C(=C/C1CCCC1)\CCOc1ccccc1,2
C(=C/c1ccccc1)\CN1CCN(C(c2ccccc2)c2ccccc2)CC1,2
C(=C/c1cccs1)\C1=NCCCN1,2
C(=CSSC=CNCc1cncnc1)NCc1cncnc1,2
C(=Cn1cncn1)c1ccccc1,2
C(=NCc1ccccc1)c1ccccc1,2
C(\CN1CCCC1)=C(\c1ccccc1)c1ccccn1,2
C1=C(/C=C/C=C/C=C/C=C/C=C\C=C\C=C\C=C\C=C\C2=CCCCC2)CCCC1,2
C1=C(c2ccccc2)CCN(CCCCc2c[nH]c3ccccc23)C1,2
C1=C2CCCC[C@H]2CC1,2
C1=CC(=C(c2ccccc2)c2ccc(NCc3ccccc3)cc2)C=CC1=[NH+]Cc1ccccc1,2
C1=CC2CC[C@@H]3Nc4ccc(C5C[C@H]6CCCN(CCc7c5[nH]c5ccccc75)C6)cc4[C@@]34CCN(C1)[C@@H]24,2
C1=CCC=C1,2
C1=COC(O[C@@H]2CCC[C@H](O[C@@H]3CCCCO3)C2)CC1.C1=COC(O[C@@H]2CCC[C@H](O[C@@H]3CCCCO3)C2)CC1,2
C1=C[C@H]2C[C@@H](C1)C2,2
C1=Cc2ccccc2NC1,2
C1CC1,2
C1CC2C3CCC(C3)C2C1,2
C1CC2OC2CC1C1CO1,2
C1CCC(NC2CCCCC2)CC1,2
C1CCC(O[C@@H]2CCCCO2)CC1,2
C1CCC(O[C@@H]2OCC[C@H]2O[C@H]2CCCCO2)CC1.C1CCC(O[C@@H]2OCC[C@H]2O[C@H]2CCCCO2)CC1,2
C1CCC1,2
C1CCC2OC2C1,2
C1CCN([C@@H]2CC[C@@H]3CC[C@H]4[C@@H]5C[C@H]([NH+]6CCCCC6)CC5CC[C@@H]4C3C2)CC1,2
C1CC[C@H](O[C@H]2CCCOC2)OC1,2
C1CC[C@]2(CO2)[C@@H](C2CO2)C1,2
C1CN2CCC1CC2,2
C1COCO1,2
C1CSCCS1,2
C1CSSC1,2
C1C[C@@H]2CCC3OOC24[C@@H](C1)CCO[C@@H]4O3,2
C1OCOCO1,2
C1OC[C@@H]2OC3OCO[C@H]3[C@@H]2O1,2
C=C(C(=C)c1ccccc1)c1ccccc1,2
C=C1C(=O)C[C@@H]2C1CC[C@@H]1C3CCC(=O)C=C3CC[C@@H]21,2
C=C1c2ccccc2CCc2ccccc21,2
C=C1c2ccccc2COc2ccccc21,2
N=C(C(=O)N[C@H]1CNC1=O)c1cscn1,2
N=C(Nc1ccccc1)Nc1ccccc1,2
N=C1C=C2CCNC2=CC1=O,2
N=C1C=C2CC[C@@H]3[C@H](CCC4CCC[C@H]43)[C@H]2CC1,2
N=C1C=CC(=C(c2ccccc2)c2ccccc2)C=C1,2
O1[SiH2]O[SiH2]O[SiH2]O[SiH2]1,2
O=C(/C=C/c1ccccc1)Nc1ccccc1,2
O=C(/C=C/c1ccccc1)c1ccccc1,2
O=C(C(=O)c1ccccc1)c1ccccc1,2
O=C(CC(=O)c1ccccc1)c1ccccc1,2
O=C(CCCCC(=O)Nc1ccccc1)Nc1ccccc1,2
O=C(CCC[C@H]1CCCCO1)C[C@@H]1CCC[C@@]2(C=CC[C@]3(CCC([C@H]4CCCCO4)O3)O2)O1,2
O=C(CCN1CCNCC1)N1c2ccccc2Sc2ccccc21,2
O=C(CCc1c[nH]c2ccccc12)NCC(=O)NCC(=O)NCCc1ccccc1,2
O=C(CNC(=O)CNC(=O)[C@H](Cc1ccccc1)NC(=O)CNC(=O)[C@H](Cc1c[nH]c2ccccc12)NC(=O)[C@H](Cc1cnc[nH]1)NC(=O)[C@@H]1CCC(=O)N1)NCC(=O)N1CCCC1,2
O=C(CNCCCc1ccccc1)N1CCNC1=O,2
O=C(CNc1ccccc1)OCc1cccc(Oc2ccccc2)c1,2
O=C(COc1ccccc1)N1CCCCC1,2
O=C(Cc1ccccc1)N[C@H]1CC[C@@]2(CCCO2)C[C@@H]1N1CCCC1,2
O=C(Cc1ccccc1)O[C@H]1C[C@H]2CC[C@@H](C1)N2,2
O=C(Cc1ccccc1)O[C@H]1C[C@H]2CC[C@@H](C1)[NH2+]2,2
O=C(Cc1cccs1)NC1C(=O)N2C=CCS[C@H]12,2
O=C(Cn1cnnn1)N[C@@H]1C(=O)N2C=C(CSc3nncs3)CS[C@H]12,2
O=C(NC1CCCCC1)NS(=O)(=O)c1ccccc1,2
O=C(NC1OC2[C@@H]3CCCN3C(=O)[C@H](Cc3ccccc3)N2C1=O)[C@H]1CN[C@@H]2Cc3c[nH]c4cccc(c34)[C@H]2C1,2
O=C(NCCc1ccccc1)c1ccccc1,2
O=C(NCc1ccccc1)c1ccccc1,2
O=C(NN1CCCCC1)c1cc(-c2ccccc2)n(-c2ccccc2)n1,2
O=C(N[C@@H]1C(=O)N2CCS[C@H]12)c1conc1-c1ccccc1,2
O=C(Nc1ccc(C(=O)N2CCCCc3ccccc32)cc1)c1ccccc1,2
O=C(Nc1ccccc1)C1CC1,2
O=C(Nc1ccccc1)NC1CCCCC1,2
O=C(Nc1ccccc1)[C@@H]1CCCCN1,2
O=C(Nc1ccccc1)c1ccc2ccccc2c1,2
O=C(Nc1ccccn1)C1=Cc2ccccc2S(=O)(=O)N1,2
O=C(OC1CCCCC1)c1ccccc1,2
O=C(OC1CCCNC1)C(c1ccccc1)c1ccccc1,2
O=C(OC1CCC[NH2+]C1)C(c1ccccc1)c1ccccc1,2
O=C(OC1C[C@H]2CC[C@@H](C1)N2)c1c[nH]c2ccccc12,2
O=C(OCCOC(=O)c1ccccc1)c1ccccc1,2
O=C(OCCOCCOC(=O)c1ccccc1)c1ccccc1,2
O=C(OCc1ccccc1)C1CC1,2
O=C(OCc1coc(Cc2ccccc2)c1)C1CC1,2
O=C(O[C@@H]1C[C@H]2CC[C@@H](C1)N2)c1ccccc1,2
O=C(O[C@H]1C[C@H]2CC[C@@H](C1)N2)c1ccccc1,2
O=C(Oc1ccc2ccccc2c1)c1ccccc1,2
O=C(Oc1ccccc1)Oc1ccccc1,2
O=C([N-]S(=O)(=O)c1ccccc1)n1nc[nH]c1=O,2
O=C(c1ccccc1)c1ccc[nH]1,2
O=C1C(/N=N/c2ccccc2)C=NN1c1ccccc1,2
O=C1C=C([C@H]2CCC3C2CC[C@@H]2C4CC[C@H](O[C@H]5CC[C@H](O[C@H]6CC[C@H](O[C@H]7CC[C@H](O[C@H]8CCCCO8)CO7)CO6)CO5)C[C@H]4CC[C@@H]32)CO1,2
O=C1C=C2C(CCC3CCCC[C@@H]23)C2CC[C@H]3CCCCC3[C@@H]12,2
O=C1C=C2C(CCC3CCCC[C@@H]23)C2CC[C@H]3C[C@@H](O[C@H]4OCCC[C@H]4O[C@H]4CCCCO4)CCC3[C@@H]12,2
O=C1C=C2CC[C@H]3[C@@H]4CCC(=O)C4CC[C@@H]3C2CC1,2
O=C1C=C2CC[C@H]3[C@@H]4CCCC4CC(=O)[C@@H]3C2CC1,2
O=C1C=CC2C(=C1)CCC1C2CCC2CCC[C@H]21,2
O=C1C=CC2C(=C1)CC[C@H]1[C@@H]3CCCC3CC(=O)[C@H]21,2
O=C1C=CCC1,2
O=C1C=COC1,2
O=C1CC(c2ccccc2)C(=O)N1,2
O=C1CC2CCC[C@H]2[C@@H]2CC[C@H]3CCCCC3[C@@H]12,2
O=C1CC=CCCCC[C@@H]2CCCC(O2)C(=O)C(=O)N2CCCC[C@H]2C(=O)O[C@H](/C=C/C2CCCCC2)CCC1,2
O=C1CCC(c2ccccc2)=NN1,2
O=C1CCC(c2ccccc2)C(=O)N1,2
O=C1CCC2=C(CC[C@@H]3[C@@H]2CCC2CCC[C@H]23)C1,2
O=C1CCC2[C@@H](CC[C@H]3[C@@H]4CCCC4CC[C@H]23)C1,2
O=C1CCC2[C@H]3Cc4cccc5c4[C@@]2(CCN3)[C@H]1O5,2
O=C1CCC=CCC(=O)C[C@@H](CCC2CCCCC2)OC(=O)[C@@H]2CCCCN2C(=O)C(=O)C2CCC[C@@H](CCC=CC=CC=CCCC1)O2,2
O=C1CCCC(=O)C1C(=O)c1ccccc1,2
O=C1CCCC1=O,2
O=C1CCCCCO1,2
O=C1CCCS1,2
O=C1CCO1,2
O=C1CC[C@]23CCCCCC(CCC2)[C@H]13,2
O=C1CN2CCOC2(c2ccccc2)c2ccccc2N1,2
O=C1CNC(=O)N1c1ccccc1,2
O=C1COC(=O)N1,2
O=C1C[C@@H](c2ccccc2)Oc2cc(O[C@H]3CCC[C@@H](CO[C@H]4CCCCO4)O3)ccc21,2
O=C1C[C@@H]2OCC=C3CN4CC[C@]56c7ccccc7N1[C@H]5[C@H]2[C@H]3C[C@H]46,2
O=C1C[C@H](c2ccccc2)Sc2ccccc2N1,2
O=C1C[C@H]2CC(S[C@H]3CCNC3)=CN12,2
O=C1C[C@H]2SCC=CN12,2
O=C1Cc2ccccc2N1,2
O=C1NC(=O)C(c2ccccc2)(c2ccccc2)N1,2
O=C1NC(=O)C(c2ccccc2)N1,2
O=C1NC(=O)[C@@]2(CCOc3ccccc32)N1,2
O=C1NC(=O)c2cccc3cccc1c23,2
O=C1NCC(COc2ccccc2)O1,2
O=C1NCc2cncn2-c2ccccc21,2
O=C1Nc2ccccc2C1(c1ccccc1)c1ccccc1,2
O=C1Nc2ccccc2C1=O,2
O=C1OCC2C(O[C@H]3CC[C@@H]4OCOC[C@H]4O3)c3cc4c(cc3[C@@H](c3ccccc3)[C@@H]12)OCO4,2
O=C1OC[C@@H]2Cc3cc4c(cc3[C@@H](c3ccccc3)[C@@H]12)OCO4,2
O=C1O[C@H]([C@@H]2NCCc3cc4c(cc32)OCO4)c2ccccc21,2
O=C1O[C@H]2C[C@@H](CC=C[C@@H](O[C@H]3CC[C@@H](O[C@H]4CCCCO4)CO3)CC=CC=C3CO[C@@H]4CC=C[C@@H]1C34)O[C@@]1(C=CCCO1)C2,2
O=C1c2ccccc2-c2ccccc21,2
O=C1c2ccccc2C(=O)C1C(=O)C(c1ccccc1)c1ccccc1,2
O=C1c2ccccc2C(=O)c2c(Nc3ccccc3)cccc21,2
O=C1c2ccccc2CN1c1ccccc1,2
O=C1c2ccccc2Cc2ccccc21,2
O=S(=O)(NC1CCCCC1)c1ccccc1,2
O=S(=O)(Nc1ccccc1)c1nc2ccncn2n1,2
O=S(=O)(Nc1ccno1)c1ccccc1,2
O=S(=O)(Nc1ccon1)c1ccccc1,2
O=S(=O)([N-]c1ncccn1)c1ccccc1,2
O=S(Cc1ccccn1)c1nc2ccccc2[n-]1,2
O=S1(=O)CCCC1,2
O=S1(=O)CCCc2ccsc21,2
O=S1(=O)NC(Cc2ccccc2)Nc2ccccc21,2
O=S1(=O)NC=Nc2ccccc21,2
O=[PH]1OC[C@H]2O[C@@H](n3cnc4cncnc43)C[C@@H]2O1,2
O=c1[nH]c(=O)c2ccccc2[nH]1,2
O=c1[nH]cnn1-c1ccccc1,2
O=c1[nH]nnc2ccccc12,2
O=c1c(CCN2CCC(c3noc4ccccc34)CC2)cnc2n1CCCC2,2
O=c1c(O[C@H]2CCC[C@@H](CO[C@H]3CCCCO3)O2)c(-c2ccccc2)oc2ccccc12,2
O=c1ccc(-c2ccncc2)c[nH]1,2
O=c1cccc2c(c1)CCCc1ccccc1-2,2
O=c1ccn(-c2ccccc2)c2nc(N3C[C@H]4C[C@H]4C3)ccc12,2
O=c1ccn2c3c(cccc13)CCC2,2
O=c1ccoc2cccc(OCCCOc3cccc4occc(=O)c34)c12,2
O=c1ccoc2ccccc12,2
O=c1nc2[nH]c3ccccc3nc-2c(=O)[nH]1,2
O=c1nccc[nH]1,2
O=c1ncncn1[C@H]1CCCO1,2
O=c1oc2ccccc2cc1Cc1cc2ccccc2oc1=O,2
S=C(Nc1ccccc1)Nc1ccccc1,2
S=C(c1ccccc1)N1CCOCC1,2
S=[PH](Oc1ccccc1)c1ccccc1,2
S=c1[nH]cc[nH]1,2
[N+]=C1C=CC(=C(c2ccccc2)c2cccc3ccccc23)C=C1,2
c1c2c(cc3c1OCO3)CNCC2,2
c1c[n+](N2CCOCC2)no1,2
c1cc(OCC2CO2)ccc1Cc1ccc(OCC2CO2)cc1,2
c1cc2c3c(cccc3c1)CC2,2
c1cc[c]([SnH]([c]2ccccc2)[c]2ccccc2)cc1,2
c1ccc(-c2c3ccccc3[o+]c3ccccc23)cc1,2
c1ccc(-c2c[nH]c3ccccc23)cc1,2
c1ccc(-c2cc(CCCCCCc3ccc(O[C@@H]4CCCCO4)c(-c4ccccc4)c3)ccc2O[C@@H]2CCCCO2)cc1,2
c1ccc(-c2ccon2)cc1,2
c1ccc(-c2cncnc2)cc1,2
c1ccc(-c2nc3ccccc3s2)cc1,2
c1ccc(-c2nccc3ccccc23)cc1,2
c1ccc(-c2nccs2)cc1,2
c1ccc(-c2ncncn2)cc1,2
c1ccc(-n2cccc2)cc1,2
c1ccc(-n2cccn2)cc1,2
c1ccc(-n2ccnc2)cc1,2
c1ccc(-n2cncn2)cc1,2
c1ccc(C(COc2ncccn2)c2ccccc2)cc1,2
c1ccc(C(Cn2cncn2)Cn2cncn2)cc1,2
c1ccc(C(c2ccccc2)c2cncnc2)cc1,2
c1ccc(C2(c3ccccc3)CCCCC2)cc1,2
c1ccc(C2=NCc3nncn3-c3sccc32)cc1,2
c1ccc(C2CCCC2)cc1,2
c1ccc(C2CCCC2)cc1.c1ccc(C2CCCC2)cc1,2
c1ccc(C2CCN(CCC(c3ccccc3)c3ccccc3)CC2)cc1,2
c1ccc(CC2CCCC2Cn2cncn2)cc1,2
c1ccc(CCCCN2CCC(C(c3ccccc3)c3ccccc3)CC2)cc1,2
c1ccc(CCCCNCCc2ccccc2)cc1,2
c1ccc(CCCN2CCOCC2)cc1,2
c1ccc(CCN2CCC(c3ccccc3)CC2)cc1,2
c1ccc(CCNCCCCCCNCCc2ccccc2)cc1,2
c1ccc(CCNCCc2ccccc2)cc1.c1ccc(CCNCCc2ccccc2)cc1,2
c1ccc(CN2CCCCC2)cc1,2
c1ccc(CN2CCNCC2)cc1,2
c1ccc(CN2CCc3sccc3C2)cc1,2
c1ccc(CNC2CCCCC2)cc1,2
c1ccc(CNc2ncccn2)cc1,2
c1ccc(C[NH2+]CCOCCOc2ccccc2)cc1,2
c1ccc(Cc2c[nH]cn2)cc1,2
c1ccc(N=Nc2ccc3ccccc3c2)cc1,2
c1ccc(N=[NH+]c2ccccc2)cc1,2
c1ccc(NC2=NCCN2)cc1,2
c1ccc(NC2CCNCC2)cc1,2
c1ccc(NCc2cnc3ncncc3n2)cc1,2
c1ccc(Nc2ccc3ccccc3c2)cc1,2
c1ccc(Nc2ncccn2)cc1,2
c1ccc(Nc2ncncn2)cc1,2
c1ccc(OCCN2CCCCC2)cc1,2
c1ccc(OCCOc2ccccc2)cc1,2
c1ccc(OCn2cncn2)cc1,2
c1ccc(Oc2nc3ccccc3o2)cc1,2
c1ccc([C@@H]2CCCc3ccccc32)cc1,2
c1ccc([SiH2]c2ccccc2)cc1,2
c1ccc2[nH]c(-c3cscn3)nc2c1,2
c1ccc2[s+]c3ccccc3nc2c1,2
c1ccc2c(C[C@@H]3CC4CCN3CC4)ccnc2c1,2
c1ccc2c(C[C@H]3CC4CCN3CC4)ccnc2c1,2
c1ccc2c(c1)-c1cccc3cccc-2c13,2
c1ccc2c(c1)CC(N1CCNCC1)c1ccccc1S2,2
c1ccc2c(c1)C[C@@H]1CC2CCN1,2
c1ccc2c(c1)C[C@@H]1NCC[C@]23CCCC[C@H]13,2
c1ccc2c(c1)Cc1ccccc1C(N1CCNCC1)=N2,2
c1ccc2c(c1)Cc1ccccc1O2,2
c1ccc2c(c1)Cc1cccnc1O2,2
c1ccc2c(c1)N=C(N1CCNCC1)c1ccccc1O2,2
c1ccc2c(c1)N=C(N1CCNCC1)c1ccccc1S2,2
c1ccc2c(c1)NCCO2,2
c1ccc2c(c1)Oc1ccccc1O2,2
c1ccc2c(c1)Sc1ccccc1N2CCC1CCCCN1,2
c1ccc2c(c1)cc1ccc3cccc4ccc2c1c34,2
c1ccc2c(c1)oc1ccccc12,2
c1ccc2c3c([nH]c2c1)[C@@H]1C[C@@H]2CCCC[C@H]2CN1CC3,2
c1ccc2cc(/N=N/c3ccc(-c4ccc(/N=N/c5ccc6ccccc6c5)cc4)cc3)ccc2c1,2
c1ccc2cc3c(ccc4ccccc43)cc2c1,2
c1ccc2cccc-2cc1,2
c1ccc2cnccc2c1,2
c1ccc2nc3c(cc2c1)CCCC3,2
c1ccc2ncncc2c1,2
c1ccc2occc2c1,2
c1ccc2sccc2c1,2
c1cn([C@H]2CCCO2)cn1,2
c1cnc2[nH]ncc2c1,2
c1coc(-c2nnco2)c1,2
c1ncc2[nH]cnc2n1,2
c1nnc[nH]1,2
C(#CC(c1ccccc1)c1ccccc1)CN1CCCC1,1
C(#Cc1ccccn1)c1ccc2c(c1)CCCS2,1
C(=C(OCCOc1ccccc1)c1ccccc1)n1ccnc1,1
C(=C/C=N/c1ccccc1)\C=C\Nc1ccccc1,1
C(=C/c1ccc(Nc2ncnc(Nc3ccccc3)n2)cc1)\c1ccc(Nc2ncnc(Nc3ccccc3)n2)cc1,1
C(=C/c1ccc2ccccc2[nH+]1)\c1ccn(-c2ccccc2)c1.C(=C/c1ccc2ccccc2[nH+]1)\c1ccn(-c2ccccc2)c1.c1ccc2c(Cc3cccc4ccccc34)cccc2c1,1
C(=C/c1ccc2ccccc2n1)\c1cccc([C@@H](CCc2ccccc2)SCC2CC2)c1,1
C(=C/c1ccc2ccccc2n1)\c1ccccc1,1
C(=C/c1ccccc1)\C(/C=C/c1ccccc1)=NN=C1NCCCN1,1
C(=C/c1ccccc1)\CNCCc1ccccc1,1
C(=C/c1ccccc1)\CNCc1cccc2ccccc12,1
C(=C/c1n[nH]c2cc(Sc3ccccc3)ccc12)\c1ccccn1,1
C(=C/c1nc(C2CCC2)cs1)\c1ccccc1,1
C(=C1/C[C@H]2[C@H](CC[C@@H]2/C=C/CC2CCCCC2)O1)\c1ccccc1,1
C(=C1CCCC1Cn1cncn1)c1ccccc1,1
C(=C1SCC(c2ccccc2)S1)n1ccnc1,1
C(=C1SC[C@@H](c2ccccc2)S1)n1ccnc1,1
C(=C1c2ccccc2-c2ccccc21)c1ccccc1,1
C(=CC=C1Nc2ccccc2S1)C=Cc1[nH+]c2ccccc2s1,1
C(=CSSCC1CCCO1)NCc1cncnc1,1
C(=C\C=C/C1=[NH+]c2ccc3ccccc3c2C1)\C=C/C=C1\Cc2c(ccc3ccccc23)N1,1
C(=C\c1ccc(-c2ccccc2)cc1)\CN1CCCCCC1,1
C(=C\c1ccccc1)\c1ccccc1,1
C(=C\c1cncn1Cc1ccccc1)\Cc1cccs1,1
C(=Cc1[nH+]c2ccccc2s1)C=C1Nc2ccccc2S1,1
C(=Cc1ccc(-c2ccc(C=Cc3ccccc3)cc2)cc1)c1ccccc1,1
C(=Cc1ccc(N=Nc2ccccc2)cc1)c1ccc(N=Nc2ccccc2)cc1,1
C(=Cc1ccc2ccccc2[nH+]1)C=C1C=Cc2ccccc2N1,1
C(=Cc1ccncc1)c1ccccc1,1
C(=N/CC/N=C/c1ccccc1)\c1ccccc1,1
C(=N/OCCCN1CCCCC1)\c1ccc[nH+]c1,1
C(=N/OCc1ccccc1)\c1cn[nH]c1Oc1ccccc1,1
C(=N/Oc1ccccc1)\c1ccccc1,1
C(=N/c1ccccc1)\N/C=N/c1ccccc1,1
C(=N/c1ccccc1)\c1ccccc1,1
C(=NC1CCCCC1)=NC1CCCCC1,1
C(=NOCC1OCCO1)c1ccccc1,1
C(=NOCc1ccccc1)c1ccccc1,1
C(=Nc1ccccc1)Nc1ccccc1,1
C(=Nc1ccccc1)n1ccnc1,1
C(CCN1CCCCC1)=C(c1cccs1)c1cccs1,1
C(CCOCC1CO1)COCC1CO1,1
C(CC[NH+]1CCCC1)CC[NH+]1CCCC1,1
C(COCC1CO1)OCC1CO1,1
C(COc1ccc2c(c1)[nH]c1ccccc12)=C1CN2CCC1CC2,1
C1=C(/C=C/C=C/C=C/C=C/C=C/C=C/C=C/C=C/C=C/C2=CCCCC2)CCCC1,1
C1=C(Cc2ccccn2)c2ccccc2C1,1
C1=C(c2ccccc2)CCN(CCc2ccc3ccccc3c2)C1,1
C1=C2C3CC4OC5(CCC4C3CC[C@]23C[C@@]32CCC(O[C@H]3CCCCO3)C[C@@H]2C1)OCC1OC15,1
C1=C2CC(O[C@@H]3OCC[C@H](O[C@H]4CCCCO4)[C@H]3O[C@@H]3CCCCO3)CCC2[C@H]2CCC3[C@@H](C[C@H]4[C@@H]3C[C@H]3CCCCN34)[C@@H]2C1,1
C1=C2CCC3C4CCCC4CCC3C2CCC1,1
C1=C2CCCCC2CCC1,1
C1=C2CCCCC2[C@H]2CC3=C[C@@]4(CC[C@H]3[C@@H]2C1)C[C@@H]1NCCC[C@H]1O4,1
C1=C2CCCCC2[C@H]2CCC3C(c4cccnc4)=CC[C@H]3[C@@H]2C1,1
C1=C2CCCCC2[C@H]2CC[C@]34CNC[C@H]3CC[C@H]4[C@@H]2C1,1
C1=C2CC[C@H]3[C@@H]4CCCC4CC[C@@H]3C2Cc2cnoc21,1
C1=C2C[C@H]3CC[C@]2(CCC1)C3,1
C1=C2[C@@H]3CCCC3CC[C@@H]2C2CCCC[C@@H]2C1,1
C1=C2c3cccc4[nH]cc(c34)C[C@@H]2NCC1,1
C1=CC(=C(c2ccccc2)c2ccc(Nc3ccccc3)cc2)C=CC1=Nc1ccccc1,1
C1=CC(c2cccc3nonc23)C=CN1,1
C1=CC(c2ccccc2)C=CN1.c1ccccc1,1
C1=CC1,1
C1=CC2(CCC1)CCCO2,1
C1=CC23CCCN2CCc2cc4c(cc2[C@@H]3C1)OCO4,1
C1=CC2=CCCC[C@@H]2CC1,1
C1=CC2=CC[C@H]3[C@@H]4CCCC4CC[C@@H]3C2CC1,1
C1=CC2C3CCC(C3)C2C1,1
C1=CC2CC(C1)C2,1
C1=CC2CC1C1CC3OC3C21,1
C1=CC2CC1C1CCCC21,1
C1=CC2CC1CC2C(CCN1CCCCC1)c1ccccc1,1
C1=CC2CC1[C@@H]1[C@@H]3C[C@@H]([C@H]4O[C@@H]34)[C@H]21,1
C1=CC2CC1[C@@H]1[C@H]2[C@H]2C=C[C@H]1C2,1
C1=CC2CC1[C@@H]1[C@H]3C[C@H]([C@@H]4O[C@H]34)[C@H]21,1
C1=CC2CC1[C@H]1C3C=C[C@@H](C3)[C@@H]21,1
C1=CC2CC1[C@H]1CCC[C@@H]21,1
C1=CC2CC[C@@H]3C4CCCCC4=CC[C@H]3[C@@H]2C1,1
C1=CC2CC[C@@H]3Nc4ccc(C5C[C@@H]6CCCN(CCc7c5[nH]c5ccccc75)C6)cc4[C@@]34CCN(C1)[C@@H]24,1
C1=CC2C[C@@H]3CCC[C@]3(C1)C2,1
C1=CCC(c2ccccc2)CC1,1
C1=CCC2CC2C1,1
C1=CCC2CC=CC2C1,1
C1=CCC=CC1,1
C1=CCCC1,1
C1=CCCC=CCC1,1
C1=CCCC=CCCC=CCC1,1
C1=CCNCC1,1
C1=CC[C]([Ti+2][C]2=CC=CC2)=C1,1
C1=CC[C]([Zr][CH]2C=CC=C2)=C1,1
C1=CO[C@@H](O[C@H]2CC[C@@H](O[C@H]3CC[C@H](O[C@H]4CC[C@@H](OC5CC[C@H](OC6CC[C@@H]7OC[C@H]6O7)OC5)OC4)CC3)OC2)CC1,1
C1=CO[C@H](O[C@@H]2CCC[C@H](O[C@@H]3CCCCO3)C2)CC1,1
C1=C[C@@H](n2cnc3c(NC4CC4)ncnc32)CC1,1
C1=C[C@@H]2Oc3cccc4c3[C@@]23CCN[C@H](C4)C3=C1,1
C1=C[C@@]23CCNCc4cccc(c42)O[C@H]3CC1,1
C1=C[C@H](/C=C/C=C/C=C/C=C/C=C\C=C\C=C\C=C\C=C\C2=CCCCC2)CCC1,1
C1=C[C@H](N[C@H]2CC[C@@H](O[C@H]3CC[C@@H](O[C@H]4CCCOC4)OC3)OC2)CCC1,1
C1=C[C@H](Oc2cccc(Oc3ccccc3)c2)CC1,1
C1=C[C@H]2CC(c3ccc4c(c3)[C@@]35CCN6CC=CC(CC[C@@H]3N4)[C@H]65)c3[nH]c4ccccc4c3CN(C1)C2,1
C1=C[C@H]2C[C@@H]3CCC[C@]3(C1)C2,1
C1=C[C@H]2O[C@]23CC[C@H]2[C@@H]4CCCC4CC[C@@H]2C3C1,1
C1=C[C@H]2c3ccccc3OC[C@@H]2CC1,1
C1=C[CH]([V][CH]2C=CC=C2)C=C1,1
C1=Cc2cc3ccc(cc4nc(cc5ccc(cc1n2)[n-]5)CC4)[n-]3,1
C1=Cc2cc3ccc(cc4nc(cc5ccc(cc1n2)[nH]5)C=C4)[nH]3,1
C1=Cc2cccc3cccc1c23,1
C1=Cc2ccccc2C(=C2CCNCC2)c2ccccc21,1
C1=Cc2ccccc2C1,1
C1=Cc2ccccc2Cc2ccccc21,1
C1=Cc2ccccc2N(CCCN2CCNCC2)c2ccccc21,1
C1=Cc2ccccc2Nc2ccccc21,1
C1=Cc2ccccc2Sc2ccccc21,1
C1=Cc2nc1c(-c1ccccc1)c1ccc([nH]1)c(-c1ccccc1)c1nc(c(-c3ccccc3)c3ccc([nH]3)c2-c2ccccc2)CC1,1
C1=Cn2c3c(c4ccccc42)CCN2CCCC1[C@@H]32,1
C1=NC=NCN1c1ccccc1,1
C1=NCC2c3ccccc3Cc3ccccc3N12,1
C1=NCOC1,1
C1=NCSC1,1
C1=NC[C@H](c2ccccc2)O1,1
C1=NNc2ncnc3c2c1cn3[C@H]1CCCO1,1
C1=NOC(c2ccccc2)(c2ccccc2)C1,1
C1=N[C@H](c2ccccc2)CN1,1
C1=Nc2ccc3ccccc3c2C1,1
C1=Nc2ccccc2C(c2ccccc2)=[NH+]C1,1
C1=Nc2ccccc2C1,1
C1C2C3C4CC5C3C1C5C24,1
C1C2OC2C2C1C1CC2C2OC12,1
C1CC(COCC2CO2)CCC1COCC1CO1,1
C1CC2CC(C1)C2,1
C1CC2CCC1CO2,1
C1CC2CCC1O2,1
C1CC2CC[C@@H]3C4C[C@H]5S[C@H]5C[C@@H]4CC[C@H]3[C@@H]2C1,1
C1CC2CC[C@@H]3C4Cc5nonc5C[C@@H]4CC[C@H]3[C@@H]2C1,1
C1CC2C[NH2+]CC1C2,1
C1CCC(C(CC2CCCCN2)C2CCCCC2)CC1,1
C1CCC(C2CC3CCC2C3)CC1,1
C1CCC(CC2CCCC2)C1,1
C1CCC(N=NC2CCCCC2)CC1,1
C1CCC(N[SiH](NC2CCCCC2)NC2CCCCC2)CC1,1
C1CCC(O[C@@H]2CC[C@@H]3O[C@H](O[C@@H]4CCCCO4)CC[C@H]3O2)CC1,1
C1CCC(O[C@@H]2OCC[C@@H]3OC4(CCCCO4)O[C@H]23)CC1,1
C1CCC(O[C@H]2C[C@H]([C@@H]3CCCCO3)O[C@H]2C2CC[C@H](C3CC[C@]4(CCC[C@@H](C[C@H]5CCCCO5)O4)O3)O2)OC1,1
C1CCC(SSC2CCCCC2)CC1,1
C1CCC2(CC1)NCCO2,1
C1CCC2(CC1)OCCO2,1
C1CCC2(CC1)OCCO2.C1CCC2(CC1)OCCO2,1
C1CCC2(CCCCO2)OC1,1
C1CCC2=C(C1)CCCC2,1
C1CCC2=NCCCN2CC1,1
C1CCC2C(C1)CCC1CCCCC12,1
C1CCCCC1.C1CCCCC1,1
C1CCN(CN2CCCCC2)CC1,1
C1CCN([C@@H]2CC[C@@H]3CC[C@H]4[C@@H]5C[C@H](N6CCCCC6)CC5CC[C@@H]4C3C2)CC1,1
C1CCN2CCC[C@H]2C1,1
C1CCN2C[C@@H]3C[C@@H](CN4CCCC[C@@H]34)[C@H]2C1,1
C1CCNCC1.O=c1[nH]cnc2[nH]cc(CN3CCCCC3)c12,1
C1CC[C@@H](OC2CCO[C@@H](O[C@H]3CC[C@H](OC4CCOCC4)OC3)C2)OC1,1
C1CC[C@@H](O[C@@H]2CCCCO2)OC1,1
C1CC[C@@H](O[C@@H]2CCCC[C@H]2O[C@H]2CCCO2)OC1,1
C1CC[C@@H](O[C@@H]2CO[C@@H](O[C@@H]3CCCC[C@H]3O[C@@H]3CCCCO3)C2)OC1,1
C1CC[C@@H](O[C@H]2CC[C@@H](O[C@H]3CCCOC3)OC2)OC1,1
C1CC[C@@H]([C@H]2CC[C@H](C3CC[C@H](C4CC[C@]5(CCCCO5)O4)O3)O2)OC1,1
C1CC[C@@H]2CCC3OCC[C@@H]3C2C1,1
C1CC[C@@H]2NCC[C@@H]2C1,1
C1CC[C@H](O[C@H]2CCOC2)OC1,1
C1CC[C@H](O[C@H]2CCO[C@@H](O[C@H]3[C@H](O[C@@H]4CC[C@H](O[C@H]5CCC6[C@@H](CC[C@@H]7[C@@H]6CCC6[C@H]7C[C@@H]7O[C@]8(CCCCO8)C[C@H]67)C5)OC4)OCC[C@@H]3O[C@H]3CCCCO3)C2)OC1,1
C1CC[C@H]2CC[C@H]3[C@@H]4CCCC4CC[C@@H]3C2C1.C1CNCCN1,1
C1CC[C@]2(C[C@@H]3C4CC[C@@H]5C6CCCC[C@@H]6CC[C@H]5[C@@H]4C[C@@H]3O2)NC1,1
C1CC[C@]2(C[C@@H]3C4CC[C@@H]5C6CC[C@H](O[C@H]7CC[C@@H](O[C@@H]8OCC[C@H](O[C@H]9CCCCO9)[C@H]8O[C@H]8CCCCO8)CO7)C[C@@H]6CC[C@H]5[C@@H]4C[C@@H]3O2)NC1,1
C1CC[NH+]([C@@H]2CC[C@@H]3CC[C@H]4[C@@H]5C[C@H]([NH+]6CCCCC6)CC5CC[C@@H]4C3C2)CC1,1
C1CCc2nnnn2CC1,1
C1CN(CCOCCN2CCOCC2)CCO1,1
C1CN(P2(N3CC3)=NP(N3CC3)(N3CC3)=NP(N3CC3)(N3CC3)=N2)CCO1,1
C1CN(SSN2CCOCC2)CCO1,1
C1CN([C@@H]2CC[C@@H]3CC[C@H]4[C@@H]5C[C@H](N6CC[NH2+]CC6)CC5CC[C@@H]4C3C2)CC[NH2+]1,1
C1CN1,1
C1CN2CCN1CC2,1
C1CNCCN1.O=C1CC[C@@H]2C1CC[C@@H]1c3ccccc3CC[C@H]12,1
C1CNCCNCCNCCN1,1
C1CNCNC1,1
C1COC(NC(C2CC2)C2CC2)=N1,1
C1COC1,1
C1COCC[NH2+]1,1
C1COCSC1,1
C1COC[C@H](C[C@H]2CO2)C1,1
C1CS1,1
C1CSCN1,1
C1CSSSC1,1
C1C[C@@H]2CCC3OO[C@@]24[C@@H](C1)CCO[C@@H]4O3,1
C1C[C@@H]2CC[C@H](C1)N2,1
C1C[C@@H]2CC[C@H](C1)[NH2+]2,1
C1C[C@@H]2OC[C@H]1O[C@@H]1CC[C@@H](CO1)O[C@@H]1CC[C@@H](CO1)O[C@@H]1CC[C@@H](CO1)O[C@@H]1CC[C@@H](CO1)O[C@@H]1CC[C@@H](CO1)O2,1
C1C[C@@H]2OC[C@H]1O[C@@H]1CC[C@@H](CO1)O[C@@H]1CC[C@@H](CO1)O[C@@H]1CC[C@@H](CO1)O[C@@H]1CC[C@@H](CO1)O[C@@H]1CC[C@@H](CO1)O[C@@H]1CC[C@@H](CO1)O2,1
C1C[C@@H]2OC[C@H]1O[C@@H]1CC[C@@H](CO1)O[C@@H]1CC[C@@H](CO1)O[C@@H]1CC[C@@H](CO1)O[C@@H]1CC[C@@H](CO1)O[C@@H]1CC[C@@H](CO1)O[C@@H]1CC[C@@H](CO1)O[C@@H]1CC[C@@H](CO1)O2,1
C1C[C@@H]2[C@@H]3CC[C@H](C3)[C@@H]2C1,1
C1C[C@H]2C[C@@H]3CCC[C@]3(C1)C2,1
C1N2CN3CN1CN(C2)C3,1
C1N2CN3CN1C[NH+](C2)C3,1
C1NCNCN1,1
C1OC2OC[C@H]3OCO[C@H]3[C@@H]2O1,1
C1OCN2COCC12,1
C1SCSCS1,1
C=C(Nc1ccccc1)Nc1ccccc1,1
C=C(c1ccccc1)c1ccc2c(c1)CCCC2,1
C=C(c1ccccc1)c1cccnc1,1
C=C(c1ccccc1)n1ccnc1,1
C=C1C(=O)C=COC1=O,1
C=C1C(=O)O[C@@H]2[C@@H]3OC3CCC=CCC[C@@H]12,1
C=C1C2CC=C[C@H]1Cc1[nH]c(=O)ccc12,1
C=C1C2CCCC[C@H]3[C@@H]1CC[C@@H]23,1
C=C1C=CCCC1=O,1
C=C1CC2C=CC1C2,1
C=C1CC2CC=C[C@H]3CC(=C)C[C@@H](CC4CCC[C@@H](CCCC(=O)OCC[C@H](C1)O2)O4)O3,1
C=C1CC2CCC3C4C=CC(=O)C=C4CCC3C2C1,1
C=C1CC2CCC[C@H]2[C@@H]2CCC3=CC(=O)CC[C@@H]3[C@@H]12,1
C=C1CC2CCC[C@H]2[C@@H]2CCC3=CCCC[C@@H]3[C@@H]12,1
C=C1CC2CC[C@@H]3C4CCC(=O)C=C4C=C[C@H]3[C@@H]2C1,1
C=C1CC2[C@@H](CC[C@H]3[C@@H]4CCCC4CC[C@H]23)CC1=O,1
C=C1CC=CCC1,1
C=C1CCC2C3CC[C@H]4CCCCC4[C@@H]3CC[C@@H]12,1
C=C1CCC2CC1C2,1
C=C1CCC2[C@H]3Cc4cccc5c4[C@@]2(CCN3CC2CC2)[C@H]1O5,1
C=C1CCC=CCC[C@H]2CC[C@H]12,1
C=C1CCCC/C1=C/C=C1\CCCC2[C@@H](C/C=C/CC3CC3)CC[C@@H]12,1
C=C1CCCCC1=O,1
C=C1CCC[C@@H]1n1cnc2c(=O)[nH]cnc21,1
C=C1CC[C@@H]2CCCCC2[C@@H]1C/C=C1\CCOC1=O,1
C=C1CC[C@H]2C[C@@H]1C2,1
C=C1CN2C(=O)C[C@H]2O1,1
C=C1C[C@@H]2[C@H](CCC3C(=O)CC[C@H]32)C2C=CC(=O)C=C12,1
C=C1C[C@H]2CCC[C@H]2C1,1
C=C1C[C@]23CC1CC[C@H]2[C@@]12C=CCC(C(=O)O1)[C@H]2C3,1
C=C1C[C@]23CC[C@@H]4C(C(=O)O[C@H]5CCCCO5)CCCC4[C@@H]2C[C@@H](O[C@@H]2OCC[C@H](O[C@H]4CCCCO4)[C@H]2OC2CCCCO2)[C@@H]1C3,1
C=C1C[NH+]2CC[C@@]34c5ccccc5N5C=C6[C@H]7C[C@@H]8[NH+](CC[C@@]89c8ccccc8N(C=C([C@H]1C[C@H]23)[C@H]54)[C@@H]69)CC7=C,1
C=C1N=C(c2ccccc2)OC1=O,1
C=C1NC(=O)CNC(=O)CNC(=O)CCNC(=O)[C@H]([C@@H]2CCNC=N2)NC1=O,1
C=C1NC(=O)CNC(=O)CNC(=O)CCNC(=O)[C@H]([C@H]2CCN=CN2)NC1=O,1
C=C1NC(=O)CNC(=O)CNC2C=Cc3ccc(nc3C2)C(=O)OCC2NC(=O)c3csc(n3)CNC(=O)C3CSC(=N3)C(=C)NC(=O)CNC(=O)c3csc(n3)C3(CCC(c4nccs4)=NC3c3csc2n3)NC(=O)CNC1=O,1
C=C1NC(=O)[C@H]2CSSCCC=C[C@H](CC(=O)NCC(=O)N2)OC(=O)CNC1=O,1
C=C1OC(=O)c2ccccc21,1
C=C1SC(C(=O)NC2C(=O)N3C=C(CSc4nnn[nH]4)CS[C@H]23)S1,1
C=C1SC=CS1,1
C=C1c2ccccc2C(=O)C2=CC3C(=O)C=CC[C@@H]3C[C@H]12,1
C=C1c2ccccc2C(=O)C2=CC3C(=O)C=CC[C@@H]3C[C@H]12.c1ccccc1,1
C=C1c2ccccc2C=Cc2ccccc21,1
C=C1c2ccccc2CSc2ccccc21,1
C=C1c2ccccc2Cc2ccccc21,1
C=C1c2ccccc2Sc2ccccc21,1
N=C(C(=O)N[C@@H]1C(=O)N2C=C(CSC(=O)c3ccco3)CS[C@H]12)c1cscn1,1
N=C(C(=O)N[C@@H]1C(=O)N2C=C(CSc3nc(=O)cn[nH]3)CS[C@H]12)c1cscn1,1
N=C(C(=O)N[C@@H]1C(=O)N2C=C(CSc3nccs3)CS[C@H]12)c1cscn1,1
N=C(C(=O)N[C@@H]1C(=O)N2C=C(CSc3nnn[nH]3)CS[C@H]12)c1cscn1.N=C(C(=O)N[C@@H]1C(=O)N2C=C(CSc3nnn[nH]3)CS[C@H]12)c1cscn1,1
N=C(C(=O)N[C@@H]1C(=O)N2C=C(C[NH+]3CCCC3)CS[C@H]12)c1cscn1,1
N=C(C(=O)N[C@@H]1C(=O)N2C=C(C[n+]3ccc[nH]3)CS[C@H]12)c1cscn1,1
N=C(C(=O)N[C@@H]1C(=O)N2C=C(C[n+]3cccc4c3CCC4)CS[C@H]12)c1cscn1,1
N=C(C(=O)N[C@@H]1C(=O)N2C=C(C[n+]3ccn4ncccc43)CS[C@H]12)c1ncsn1,1
N=C(C(=O)N[C@@H]1C(=O)N2C=C(Cn3ncnn3)CS[C@H]12)c1cscn1,1
N=C(C(=O)N[C@@H]1C(=O)N2C=CCS[C@H]12)c1ccco1,1
N=C(C1=NOCCO1)c1ccccc1Oc1cc(Oc2ccccc2)ncn1,1
N=C(C=Cc1ccco1)C=Cc1ccco1,1
N=C(NCCCCCCNC(=N)NC(=N)Nc1ccccc1)NC(=N)Nc1ccccc1,1
N=C(NN=Cc1ccccc1)NN=Cc1ccccc1,1
N=C(Nc1ccccc1)Nc1cccc2ccccc12,1
N=C(c1ccccc1)c1ccccc1,1
N=C1C(=O)Nc2ccccc21,1
N=C1C=CC(=N)C=C1,1
N=C1C=C[C@H]2C(=O)O[C@H]3C[C@@H](CC=C[C@@H](O[C@H]4CCCCO4)CC=CC=C4CO[C@H]1C42)O[C@@]1(CCC[C@@H](C2CCCCC2)O1)C3,1
N=C1CCCC1,1
N=C1CCCCC1,1
N=C1CCCCOC(=O)C[C@@H](O[C@H]2CCCCO2)C[C@@H](O[C@H]2CCCCO2)CCC1,1
N=C1CCN(c2ccc3c(=O)ccn(C4CC4)c3n2)C1,1
N=C1CCO[C@]2(C1)C[C@@H]1C[C@@H](CC=CCCC=CC=C3CO[C@@H]4CC=C[C@@H](C(=O)O1)C34)O2,1
N=C1NC(=N)c2cc3ccccc3cc21,1
N=C1NC(=N)c2ccccc21,1
N=C1NC(=O)/C(=C/c2ccccc2)S1,1
N=C1NC(=O)N(c2ccccc2)CS1,1
N=C1NCC(=O)N1,1
N=C1NCCN1Cc1cccnc1,1
N=C1NCOCN1Cc1cncs1,1
N=C1SCCN1Cc1cccnc1,1
N=C1SCCS1,1
N=c1[nH]c(=O)c2nc[nH]c2[nH]1,1
N=c1[nH]ncs1,1
N=c1cc2n(-c3ccccc3)c3ccccc3nc-2cc1Nc1ccccc1,1
N=c1ccc2c(-c3ccccc3)c3ccccc3oc-2c1,1
N=c1ccn2c(n1)O[C@H]1CCO[C@H]12,1
O1[As]2O[As]3O[As]1O[As](O2)O3,1
O1[SiH2]O[SiH2]O[SiH2]1,1
O1[SiH2]O[SiH2]O[SiH2]O[SiH2]O[SiH2]1,1
O=C(/C=C/C=C/C=C/C=C/C1=CCCCC1)Oc1ccc2c(c1)CCCO2,1
O=C(/C=C/C=C/c1ccc2c(c1)OCO2)N1CCCCC1,1
O=C(/C=C/C=C\C=C\C=C\C1=CCCCC1)Nc1ccccc1,1
O=C(/C=C/c1ccccc1)CC(=O)/C=C/c1ccccc1,1
O=C(/C=C/c1ccccc1)NC1CC1,1
O=C(/C=C/c1ccccc1)NC1CCC(CCN2CCc3ccc(-c4ncon4)cc3CC2)CC1,1
O=C(/C=C/c1ccccc1)OCCOC(=O)/C=C/c1ccccc1,1
O=C(/C=C/c1ccccc1)O[C@@H]1[C@@H](CO[C@H]2CCCCO2)O[C@@H](OCCc2ccccc2)C[C@H]1O[C@H]1CCCCO1,1
O=C(/C=C/c1ccccc1)O[C@H]1CC[C@H]2C[C@@H]3c4[nH]c5ccccc5c4CCN3C[C@H]2C1,1
O=C(/C=C/c1ccccc1)O[C@H]1CC[C@]23C[C@]24CCC2CCCC2[C@@H]4CC[C@H]3C1,1
O=C(C(=O)c1ccco1)c1ccco1,1
O=C(C(C1=NCCc2ccccc21)c1ccccc1)N(CCc1ccccc1)CCc1ccccc1,1
O=C(C1CC1)C(c1ccccc1)N1CCc2sccc2C1,1
O=C(C1CCCCC1)N1CC(=O)N2CCCc3ccccc3C2C1,1
O=C(C1CCCCC1)N1CC(=O)N2CCc3ccccc3C2C1,1
O=C(C1CCCCC1)N1CCNCC1,1
O=C(C1CCCO1)N1CCN(c2ncc3ccccc3n2)CC1,1
O=C(C1CCNCC1)N1CCC(N[C@@H]2CCc3ccccc3C2)CC1,1
O=C(C1CC[C@@H]([NH2+]C2CCOCC2)C1)N1CCc2ncccc2C1,1
O=C(C1COc2ccccc2O1)N1CCN(c2ncc3ccccc3n2)CC1,1
O=C(C=C/C=C/C=C/C=C/C=C/C=C/C=CC(=O)O[C@H]1CCC[C@@H](CO[C@H]2CCCCO2)O1)O[C@H]1CCC[C@@H](CO[C@H]2CCCCO2)O1,1
O=C(C=Cc1ccccc1)N1CCN(CC(=O)N2CCCC2)CC1,1
O=C(C=Cc1ccccc1)OC1CCCCC1,1
O=C(C=Cc1ccccc1)OC1CCC[C@H](OC(=O)C=Cc2ccccc2)C1,1
O=C(C=Cc1ccccc1)OCC=Cc1ccccc1,1
O=C(C=Cc1ccccc1)OCCCc1ccccc1,1
O=C(C=Cc1ccccc1)OCCc1ccccc1,1
O=C(C=Cc1ccccc1)OCc1ccccc1,1
O=C(C=Cc1ccccc1)O[C@H]1CC[C@H]2C[C@@H]3c4[nH]c5ccccc5c4CCN3C[C@H]2C1,1
O=C(C=Cc1ccccc1)c1ccccc1,1
O=C(CC12CC3CC(CC(C3)C1)C2)N1CC[C@@H]2C[C@@H]21,1
O=C(CC12CCCN1CCC2)Nc1ccccc1,1
O=C(CC1=CCC=CC1)N[C@@H]1C(=O)N2C=CCS[C@H]12,1
O=C(CCC(=O)OC1CCCCC1)OC1CCCCC1,1
O=C(CCC1(C(=O)NC2CCCCC2)CCCC1)Oc1ccc2c(c1)CCC2,1
O=C(CCC1CC2C3CCC(=N3)C=C3CCC(=N3)C=C3CCC(=N3)C=C1[N]2[Co+][CH2][C@@H]1CC[C@H](n2cnc3cncnc32)O1)NCCO[PH](=O)O[C@@H]1CO[C@H](n2cnc3ccccc32)C1,1
O=C(CCC1CCCC1)O[C@H]1CC[C@@H]2C1CC[C@@H]1c3ccccc3CC[C@H]12,1
O=C(CCC1CCN(Cc2ccccc2)CC1)c1ccc2c(c1)NCCCC2,1
O=C(CCC1C[C@H]2N=C1C=C1CCC(=N1)C=C1CCC(=N1)C=C1CCC2N1)NCCO[PH](=O)O[C@@H]1CO[C@H](n2cnc3ccccc32)C1,1
O=C(CCC=CCc1ccc2c(c1)C(=O)OC2)OCCN1CCOCC1,1
O=C(CCCCCCCCC(=O)OC1CCNCC1)OC1CCNCC1,1
O=C(CCCCCCCCCCCCC1CCCC1)Nc1ccc(S(=O)(=O)c2ccc(NC(=O)CCCCCCCCCCCCC3CCCC3)cc2)cc1,1
O=C(CCCCCCCCc1cccnc1)N1CCC(C=C(c2ccccc2)c2ccccc2)CC1,1
O=C(CCCCCc1ccccc1)C[C@@H]1CCC([C@H]2CCCCO2)O1,1
O=C(CCCN1CC=C(n2c(=O)[nH]c3ccccc32)CC1)c1ccccc1,1
O=C(CCCN1CCC(C(=O)c2ccccc2)CC1)c1ccccc1,1
O=C(CCCN1CCC(N2CCCCC2)CC1)c1ccccc1,1
O=C(CCCN1CCC(OC(c2ccccc2)c2ccccc2)CC1)c1ccccc1,1
O=C(CCCN1CCC(n2c(=O)[nH]c3ccccc32)CC1)c1ccccc1,1
O=C(CCCN1CCC(n2c(=S)[nH]c3ccccc32)CC1)c1ccccc1,1
O=C(CCCN1CCC2(CC1)C(=O)NCN2c1ccccc1)c1ccccc1,1
O=C(CCCN1CCCC1)c1ccccc1,1
O=C(CCCN1CCCCC1)c1ccccc1,1
O=C(CCCN1CCN(c2ccccc2)CC1)NC1c2ccccc2CSc2ccccc21,1
O=C(CCCN1CCN(c2ccccc2)CC1)c1ccccc1,1
O=C(CCCN1CCN(c2ccccn2)CC1)c1ccccc1,1
O=C(CCCN1CCN2CCCC2C1)c1ccccc1,1
O=C(CCCNC(=O)C(NC(=O)c1ccncn1)C(O[C@@H]1OCCC[C@@H]1O[C@@H]1CCCCO1)c1c[nH]cn1)NCC(=O)NCCc1nc(-c2nc(C(=O)NCCCNCc3ccccc3)cs2)cs1,1
O=C(CCCNC(=O)[C@@H](NC(=O)c1ccncn1)[C@@H](O[C@@H]1OCCC[C@@H]1O[C@@H]1CCCCO1)c1cnc[nH]1)NCC(=O)NCCc1nc(-c2nccs2)cs1,1
O=C(CCCNC(=O)c1ccccc1)OCCCN1CCN(CCOC(=O)Cc2cn(C(=O)c3ccccc3)c3ccccc23)CC1,1
O=C(CCCOc1ccc2[nH]c(=O)ccc2c1)NC1CCCCC1,1
O=C(CCCc1ccccc1)N1C[C@H]2CCCC[C@H]2C1.O=C(CCCc1ccccc1)N1C[C@H]2CCCC[C@H]2C1,1
O=C(CCN1CC1)OCC(COC(=O)CCN1CC1)COC(=O)CCN1CC1,1
O=C(CCN1CCC(c2ccccc2)C1)c1ccc2c(c1)OCCO2,1
O=C(CCN1CCCC1)c1ccccc1,1
O=C(CCN1CCN(CCc2ccccc2)CC1)c1ccccc1,1
O=C(CCN1CCN2CCCC2C1)N1c2ccccc2Sc2ccccc21,1
O=C(CCN1CCOCC1)N1c2ccccc2Sc2ccccc21,1
O=C(CCNCCc1ccccc1)c1ccccc1,1
O=C(CCNNC(=O)c1ccncc1)NCc1ccccc1,1
O=C(CCOCCOCCOCCOCCC(=O)Nc1ccccc1)Nc1ccccc1,1
O=C(CCS(=O)(=O)c1ccccc1)Nc1ccccc1,1
O=C(CC[NH+]1CCc2ccccc2C1Cc1ccccc1)OCCCCCOC(=O)CC[NH+]1CCc2ccccc2C1Cc1ccccc1.c1ccccc1.c1ccccc1,1
O=C(CCc1cc2c(s1)-n1cnnc1CN=C2c1ccccc1)N1CCOCC1,1
O=C(CCc1ccc(OCCCNCCNC(=O)N2CCOCC2)cc1)OC[C@@H]1COCO1,1
O=C(CCc1cccc2ccccc12)Nc1ccccc1C(=O)N1CCC2(CCCC2)CC1,1
O=C(CCc1ccccc1)NCC(=O)NCC(=O)N[C@@H](Cc1c[nH]c2ccccc12)C(=O)NCC(=O)NCC(=O)NCCc1ccccc1,1
O=C(CCc1ccccc1)NCC(=O)OCc1ccccc1,1
O=C(CCc1ccccc1)N[C@@H]1CO[C@@H](n2cnc3cncnc32)C1,1
O=C(CCc1ccccc1)OCC(COC(=O)CCc1ccccc1)(COC(=O)CCc1ccccc1)COC(=O)CCc1ccccc1,1
O=C(CCc1ccccc1)OCCOCCOCCOC(=O)CCc1ccccc1,1
O=C(CCc1ccccc1)O[C@@H]1C=C2CC(=O)C3CC[C@H]4OCC4[C@H]3[C@H](OC(=O)c3ccccc3)C(C2)C1,1
O=C(CCc1ccccc1)c1ccc(O[C@@H]2OCCC[C@H]2O[C@H]2CCCCO2)cc1,1
O=C(CN1CCCC1)Nc1ccccc1,1
O=C(CN1CCCC1=O)Nc1ccccc1,1
O=C(CN1CCCCC1)Nc1ccccc1,1
O=C(CN1CCCCCC1)Nc1ccccc1,1
O=C(CN1CCN(C(=O)c2ccccc2)CC1)N1CCOCC1,1
O=C(CN1CCN(CCCC(c2ccccc2)c2ccccc2)CC1)Nc1ccccc1,1
O=C(CN1CCN(CCCOc2ccccc2)CC1)Nc1ccccc1,1
O=C(CN1CCN(Cc2ccc3c(c2)OCO3)CC1)N1c2ccccc2Sc2ccccc21,1
O=C(CN1CCNCC1)NC1CCCCC1,1
O=C(CN1CCOCC1)N[C@@H](CCc1ccccc1)C(=O)NCC(=O)N[C@@H](Cc1ccccc1)C(=O)NCC(=O)C1CO1,1
O=C(CN1CCOCC1)c1ccccc1,1
O=C(CNC(=O)CNC(=O)CNC(=O)CNC(=O)[C@@H]1CCCN1C(=O)[C@@H]1CCC(=O)N1)NCCc1ccccc1,1
O=C(CNC(=O)CNC(=O)[C@H](Cc1ccccc1)NC(=O)CNC(=O)[C@@H](Cc1c[nH]c2ccccc12)NC(=O)[C@@H](Cc1c[nH]cn1)NC(=O)[C@H]1CCC(=O)N1)NCC(=O)N1CCCC1,1
O=C(CNC(=O)CNC(=O)[C@H](Cc1ccccc1)NC(=O)CNC(=O)[C@H](Cc1c[nH]c2ccccc12)NC(=O)[C@H](Cc1c[nH]cn1)NC(=O)[C@@H]1CCC(=O)N1)NCC(=O)N1CCCC1,1
O=C(CNC(=O)NCc1cscn1)N[C@H](CC[C@H](Cc1ccccc1)NC(=O)OCc1cncs1)Cc1ccccc1,1
O=C(CNC(=O)[C@@H](Cc1c[nH]c2ccccc12)NC(=O)[C@H](Cc1ccccc1)NC(=O)CNC(=O)[C@H](Cc1c[nH]c2ccccc12)NC(=O)[C@H](Cc1c[nH]cn1)NC(=O)[C@@H]1CCC(=O)N1)NCC(=O)N1CCCC1,1
O=C(CNC(=O)[C@@H](Cc1c[nH]c2ccccc12)NC(=O)[C@H](Cc1ccccc1)NC(=O)CNC(=O)[C@H](Cc1c[nH]c2ccccc12)NC(=O)[C@H](Cc1c[nH]cn1)NC(=O)[C@@H]1CCC(=O)N1)NCC(=O)N1CCCC1.c1ccc2c(Cc3cccc4ccccc34)cccc2c1,1
O=C(CNC(=O)c1ccc2ccccc2n1)N[C@H](CCN1CC[C@@H]2CCCC[C@@H]2C1)Cc1ccccc1,1
O=C(CNC(=O)c1ccccc1)Nc1ccccc1,1
O=C(CNC1CC2CCC(C1)N2c1ncccn1)N1CCCC1,1
O=C(CNCC(=O)NCCc1ccccc1)NCCc1ccccc1,1
O=C(CNCCCN1c2ccccc2CCc2ccccc21)c1ccccc1,1
O=C(CNCCCc1ccccc1)N1CCC2(C1)SCCS2,1
O=C(CNCCCc1ccccc1)N1CC[C@@H]2CCC[C@@H]21,1
O=C(CNCCCc1ccccc1)N1CC[C@H]2CCCC[C@@H]21,1
O=C(CNS(=O)(=O)c1cccc2c1NCCC2)N1CCCCC1,1
O=C(COCCOCCOCC(=O)Nc1ccccc1)Nc1ccccc1,1
O=C(COc1ccccc1)N1CCN(C(=O)COc2ccccc2)CC1,1
O=C(COc1ccccc1)N1CCN(Cc2ccc3c(c2)OCO3)CC1,1
O=C(COc1ccccc1)N[C@@H]1C(=O)N2CCS[C@H]12,1
O=C(COc1ccccc1)N[C@H](CC[C@H](Cc1ccccc1)NC(=O)CN1CCCNC1=O)Cc1ccccc1,1
O=C(COc1ccccc1)OCCCOC(=O)COc1ccccc1,1
O=C(COc1ccccc1)OCCNC12CC3CC(CC(C3)C1)C2,1
O=C(COc1ccccc1)OCCn1cnc2[nH]c(=O)[nH]c(=O)c21,1
O=C(COc1ccccc1)O[C@H]1CC[C@H]2C[C@@H]3c4[nH]c5ccccc5c4CCN3C[C@H]2C1,1
O=C(COc1nncs1)Nc1ccccc1,1
O=C(CS(=O)Cc1ccco1)NC/C=C\COc1cc(CN2CCCCC2)ccn1,1
O=C(CSc1ccncc1)N[C@@H]1C(=O)N2C=CCS[C@H]12,1
O=C(C[C@@H](NC(=O)c1ccccc1)c1ccccc1)O[C@@H]1C=C2CC(=O)C3CC[C@H]4OCC4[C@H]3[C@H](OC(=O)c3ccccc3)C(C2)C1,1
O=C(C[C@@H](NS(=O)(=O)c1ccc2ccccc2c1)c1ccc2c(c1)OCO2)NCCc1ccc(CN2CCCCC2)cc1,1
O=C(C[C@H]1CCCCN1)Cn1cnc2ccccc2c1=O,1
O=C(C[NH2+]Cc1ccccc1)Nc1ccccc1.c1ccccc1,1
O=C(C[PH](=O)CCCCc1ccccc1)N1CC[C@@H](C2CCCCC2)C1,1
O=C(Cc1ccc2c(c1)OCO2)c1sccc1S(=O)(=O)Nc1ccno1,1
O=C(Cc1cccc2occc12)N[C@H]1CC[C@@]2(CCCO2)C[C@@H]1N1CCCC1,1
O=C(Cc1ccccc1)NC1C(=O)N2C=C(CSc3nnn[nH]3)CO[C@H]12,1
O=C(Cc1ccccc1)NCc1ccccc1N1CCCCC1,1
O=C(Cc1ccccc1)NCc1ccncc1,1
O=C(Cc1ccccc1)N[C@@H]1C(=O)N2C=C(CSc3c[nH]nn3)CS[C@H]12,1
O=C(Cc1ccccc1)N[C@@H]1C(=O)N2C=C(C[n+]3ccccc3)CS[C@@H]12,1
O=C(Cc1ccccc1)N[C@@H]1C(=O)N2CCS[C@H]12.O=C(Cc1ccccc1)N[C@@H]1C(=O)N2CCS[C@H]12.c1ccc(CNCCNCc2ccccc2)cc1,1
O=C(Cc1ccccc1)N[C@@H]1C(=O)N2[C@@H](C(=O)OCOC(=O)[C@H]3CS(=O)(=O)[C@@H]4CC(=O)N34)CS[C@H]12,1
O=C(Cc1ccccc1)N[C@@H]1C(=O)N2[C@@H](C(=O)OCc3coc(=O)o3)CS[C@H]12,1
O=C(Cc1ccccc1)N[C@@H]1C(=O)N2[C@@H](C(=O)Oc3ccccc3)CS[C@H]12,1
O=C(Cc1ccccc1)Nc1ccccc1,1
O=C(Cc1ccccc1)Nc1cnc(N2CCCC2)cc1-c1ccccc1,1
O=C(Cc1ccccc1)OC1CC2CCC(C1)[NH2+]2,1
O=C(Cc1ccccc1)OC1CCNCC1,1
O=C(Cc1ccccc1)OCCN1CCOC(c2ccccc2)C1,1
O=C(Cc1ccccc1)OCCc1ccccc1,1
O=C(Cc1ccccc1)OCc1ccccc1,1
O=C(Cc1ccccc1)OCc1ccccn1,1
O=C(Cc1ccccc1)O[C@H]1C[C@@H]2N[C@H](C1)[C@H]1O[C@H]12,1
O=C(Cc1ccccc1)O[C@H]1C[C@H]2CC[C@@H](C1)N2.O=C(Cc1ccccc1)O[C@H]1C[C@H]2CC[C@@H](C1)N2,1
O=C(Cc1ccccc1)Oc1ccccc1,1
O=C(Cc1cccnc1)c1cccnc1,1
O=C(Cc1cccs1)N[C@@H]1C(=O)N2C=C(C[n+]3ccccc3)CS[C@H]12,1
O=C(Cc1cccs1)N[C@@H]1C(=O)N2C=CCS[C@H]12,1
O=C(Cc1ccsc1)N[C@@H]1C(=O)N2CCS[C@H]12,1
O=C(Cc1cscn1)N[C@@H]1C(=O)N2C=C(CSc3nnn[nH]3)CS[C@H]12,1
O=C(Cn1c(=O)sc2ccccc21)N1CCNCC1,1
O=C(Cn1c(C(=O)NC2CCNCC2)cc2ccncc21)Nc1ccccn1,1
O=C(Cn1ccnc1)NCc1ccccc1,1
O=C(N/N=C/c1ccco1)c1ccccc1,1
O=C(N/N=C\c1ccccc1)c1ccncc1,1
O=C(N1CCCC1)C(CCN1CCOCC1)(c1ccccc1)c1ccccc1,1
O=C(N=NC(=O)OCc1ccccc1)OCc1ccccc1,1
O=C(NC(=O)c1ccccc1)Nc1ccc(Oc2ccccc2)cc1,1
O=C(NC(=O)c1ccccc1)Nc1ccc(Oc2ccccn2)cc1,1
O=C(NC(=O)c1ccccc1)Nc1cccc(Oc2ccccn2)c1,1
O=C(NC(=O)c1ccccc1)Nc1ccccc1N1CCCCC1,1
O=C(NC1=CCCN1)Nc1ccccc1,1
O=C(NC1CCCC1)NS(=O)(=O)c1ccccc1,1
O=C(NC1CCCCC1)N1C[C@H](c2ccccc2)SC1=O,1
O=C(NC1CCCCC1)NS(=O)(=O)c1ccc(CCN2C(=O)Cc3ccccc3C2=O)cc1,1
O=C(NC1CCCCC1)NS(=O)(=O)c1ccc(CCNC(=O)N2CC=CC2=O)cc1,1
O=C(NC1CCCCC1)NS(=O)(=O)c1ccc(CCNC(=O)c2ccccc2)cc1,1
O=C(NC1CCCCC1)NS(=O)(=O)c1ccc(CCNC(=O)c2cnccn2)cc1,1
O=C(NC1CCCCCCC1)NS(=O)(=O)c1ccccc1,1
O=C(NC1CCCNC1)c1ccccc1,1
O=C(NC1CCN(C2CC2)CC1)c1nc2ccccc2n1Cc1cc(-c2cccs2)on1,1
O=C(NC1CCN(CCCOc2ccccc2)CC1)c1ccccc1,1
O=C(NC1CCN(CCc2c[nH]c3ccccc23)CC1)c1ccccc1,1
O=C(NC1CCN(Cc2ccccc2)CC1)c1ccccc1,1
O=C(NC1CCNCC1)c1cc2ccccc2n1Cc1cc(-c2cccs2)on1,1
O=C(NC1CCNCC1)c1cccc2c1OCC2,1
O=C(NC1CN2CCC1CC2)c1ccccc1,1
O=C(NC1OC2[C@@H]3CCCN3C(=O)CN2C1=O)[C@@H]1C=C2c3cccc4[nH]cc(c34)C[C@H]2NC1,1
O=C(NC1OC2[C@@H]3CCCN3C(=O)CN2C1=O)[C@H]1CN[C@@H]2Cc3c[nH]c4cccc(c34)[C@H]2C1,1
O=C(NCC1CCCCN1)c1ccccc1,1
O=C(NCC1CCCN1)C(c1ccccc1)c1ccccc1,1
O=C(NCC1CN(Cc2ccccc2)CCO1)c1ccccc1,1
O=C(NCC1CN(c2ccc(N3CCOCC3=O)cc2)C(=O)O1)c1cccs1,1
O=C(NCCCCCCCCCCNC(=O)Oc1ccccc1)Oc1ccccc1,1
O=C(NCCCCCCNC(=O)OCCN1CCOC1)OCCN1CCOC1,1
O=C(NCCCCN1CCN(c2ccccc2)CC1)c1ccc(-c2ccccc2)cc1,1
O=C(NCCCN1CCOCC1)c1ccccc1,1
O=C(NCCCNc1ncc2ccccc2n1)C1CCCO1,1
O=C(NCCN1CCOCC1)c1ccccc1,1
O=C(NCCNC(=O)N1CCOCC1)N1CCOCC1,1
O=C(NCCNC(=O)c1cccnc1)c1cccnc1,1
O=C(NCCNCCCOc1ccccc1)N1CCOCC1,1
O=C(NCCOc1ccccc1)n1ccnc1,1
O=C(NCC[NH2+]Cc1ccccc1)C(=O)NCC[NH2+]Cc1ccccc1,1
O=C(NCCc1c[nH]c2ccccc12)c1cccnc1,1
O=C(NCCc1cc(=O)[nH]c2ccccc12)c1ccccc1,1
O=C(NCCc1ccccc1)C1CCCCC1,1
O=C(NCCc1ccccc1)NS(=O)(=O)c1ccccc1,1
O=C(NCCc1ccccc1)[C@@H]1CCCN1,1
O=C(NCCc1ccccc1)c1cnccn1,1
O=C(NCN1CCCC1)C1=CC[C@@H]2CC3Cc4ccccc4C(=O)C3=CC2C1=O,1
O=C(NCN1CCOCC1)c1cnccn1,1
O=C(NCNC(=O)NC1NC(=O)NC1=O)NC1NC(=O)NC1=O,1
O=C(NC[C@@H](CC[N+]12CCC(C3CCCCC3)(CC1)CC2)c1ccccc1)c1ccccc1,1
O=C(NC[C@H]1CN[C@@H]2Cc3c[nH]c4cccc(c34)[C@H]2C1)OCc1ccccc1,1
O=C(NCc1ccc(OCCc2coc(-c3ccccc3)n2)cc1)Oc1ccccc1,1
O=C(NCc1ccccc1)[C@@H]1CCN1C(=O)CC1CCCCC1,1
O=C(NCc1ccccc1)c1c[nH]c2cccnc2c1=O,1
O=C(NCc1ccccc1)c1cc(=O)[nH]c(CNC(=O)c2nnco2)n1,1
O=C(NCc1ccccc1)c1ccccc1[N-]S(=O)(=O)c1cccc2cccnc12,1
O=C(NCc1ccccc1)c1cccnc1Oc1ccc2c(c1)OCO2,1
O=C(NCc1ccccc1)c1cccnc1Oc1ccc2nonc2c1,1
O=C(NCc1ccccc1)c1cccnc1Oc1ccccc1,1
O=C(NCc1ccccc1)c1ccn[nH]1,1
O=C(NCc1cccnc1)Nc1ccccc1,1
O=C(NCc1cccnc1)c1ccccc1C1C(=O)N(Cc2ccccc2)c2ccccc21,1
O=C(NN1CC2CCCC2C1)NS(=O)(=O)c1ccccc1,1
O=C(NN1CCCC1)NS(=O)(=O)c1ccccc1,1
O=C(NN1CCCCC1)c1ccccc1,1
O=C(NN1CCCCCC1)NS(=O)(=O)c1ccc(CCNC(=O)c2ccon2)cc1,1
O=C(NN1CCCCCC1)NS(=O)(=O)c1ccccc1,1
O=C(NN1CCc2ccccc21)c1ccccc1,1
O=C(NN1C[C@H]2[C@H]3CCC(C3)[C@H]2C1)c1ccccc1,1
O=C(NN=Cc1ccccn1)Nc1ccccc1,1
O=C(NN=Cc1ccco1)c1ccccc1,1
O=C(NNCNNC(=O)c1ccncc1)c1ccncc1,1
O=C(NNCc1ccccc1)c1ccccc1,1
O=C(NNCc1ccccc1)c1ccon1,1
O=C(NOCC1CC1)c1ccccc1Nc1ccccc1,1
O=C(NS(=O)(=O)/C=C/c1cccs1)c1ccccc1,1
O=C(NS(=O)(=O)c1ccccc1)c1ccccc1,1
O=C(N[C@@H](C(=O)N[C@@H]1C(=O)N2C=C(CSc3nnn[nH]3)CS[C@H]12)c1ccccc1)c1cccnc1,1
O=C(N[C@@H](CCN1[C@@H]2CC[C@@H]1CC(n1cnnc1)C2)c1ccccc1)C1CCCCC1,1
O=C(N[C@@H](Cc1ccccc1)C(=O)Nc1ccccc1)c1ccccc1,1
O=C(N[C@@H](c1ccccc1)[C@@H]1CCCCN1)c1ccccc1,1
O=C(N[C@@H]1C(=O)N2CCS[C@H]12)C1CCCCC1,1
O=C(N[C@@H]1C(=O)N2CCS[C@H]12)[C@@H](NC(=O)N1CCNC1=O)c1ccccc1,1
O=C(N[C@@H]1C(=O)N2CCS[C@H]12)[C@H](NC(=O)N1CCNC1=O)c1ccccc1,1
O=C(N[C@@H]1C(=O)N2CCS[C@H]12)c1cccc2ccccc12,1
O=C(N[C@@H]1C(=O)N2CCS[C@H]12)c1ccccc1,1
O=C(N[C@@H]1CCCOC1)c1ccccc1,1
O=C(N[C@@H]1CCOc2ccccc21)c1ccccc1,1
O=C(N[C@@H]1CCc2ccccc21)[C@@H](CCCN1CCN(Cc2cccnc2)CC1)Cc1ccccc1,1
O=C(N[C@@H]1N=C(c2ccccc2)c2cccc3c2N(CC3)C1=O)c1cc2ccccc2[nH]1,1
O=C(N[C@@H]1N=C(c2ccccc2)c2cccc3c2N(CC3)C1=O)c1cccnc1,1
O=C(N[C@@H]1N=C(c2ccccc2)c2cccc3c2N(CC3)C1=O)c1ccncc1,1
O=C(N[C@H](CC(=O)N1CCCC1)Cc1ccccc1)c1cc2ccccc2[nH]1,1
O=C(N[C@H](CCN1CC[C@@H]2CCCC[C@@H]2C1)CSc1ccccc1)c1ccccc1,1
O=C(N[C@H](CCNS(=O)(=O)c1ccccc1)Cc1ccccc1)O[C@@H]1CCOC1,1
O=C(N[C@H](CCNS(=O)(=O)c1ccccc1)Cc1ccccc1)O[C@H]1CCOC1,1
O=C(N[C@H](CCNS(=O)(=O)c1ccccc1)Cc1ccccc1)O[C@H]1CO[C@H]2OCC[C@H]21,1
O=C(N[C@H](c1ccccc1)[C@@H]1CN2CCC1CC2)c1ccccc1,1
O=C(N[C@H]1CCN(Cc2ccccc2)C1)c1ccccc1,1
O=C(N[C@H]1CN2CCC1CC2)c1cc2ccoc2cn1,1
O=C(N[C@H]1CN2CCC1CC2)c1ccc2c(c1)OCCO2,1
O=C(N[C@H]1C[C@H]2CCC[C@@H](C1)N2)c1n[nH]c2ccccc12,1
O=C(N[C@H]1C[C@H]2CC[C@@H](C1)N2)n1c(=O)[nH]c2ccccc21,1
O=C(N[C@H]1N=C(c2ccccc2)c2cccc3c2N(CC3)C1=O)c1cc2ccccc2[nH]1,1
O=C(N[C@H]1N=C(c2ccccc2)c2ccccc2NC1=O)c1cc2ccccc2[nH]1,1
O=C(Nc1c[nH]c(C(=O)Nc2cc[nH]c2)c1)c1ccc[nH]1,1
O=C(Nc1c[nH]n(-c2ccccc2)c1=O)c1cccnc1,1
O=C(Nc1cc(NCc2ccccc2)c2ccccc2n1)c1ccccc1,1
O=C(Nc1cc2ccc(O[C@H]3CCCCO3)cc2oc1=O)c1ccccc1,1
O=C(Nc1ccc(/C=C/c2ccc(NC(=O)c3ccc4cccnc4c3)cc2)cc1)c1ccc2cccnc2c1,1
O=C(Nc1ccc(C(=O)N2CCC/C(=C\C(=O)N3CCC(N4CCCCC4)CC3)c3ccccc32)cc1)c1ccoc1.O=C(Nc1ccc(C(=O)N2CCC/C(=C\C(=O)N3CCC(N4CCCCC4)CC3)c3ccccc32)cc1)c1ccoc1,1
O=C(Nc1ccc(Cc2ccccc2)cc1)c1ccccc1,1
O=C(Nc1ccc(OCCN2CCOCC2)c2ccccc12)Nc1ccnn1-c1ccccc1,1
O=C(Nc1ccc(Oc2ccccc2)cc1)c1ccccc1,1
O=C(Nc1ccc(Oc2cccnc2)nc1)N1CCc2ccccc21,1
O=C(Nc1ccc(S(=O)(=O)N2CCOCC2)cc1)c1ccccc1NS(=O)(=O)c1cccs1,1
O=C(Nc1ccc(S(=O)(=O)Nc2nccs2)cc1)c1ccccc1,1
O=C(Nc1ccc2[nH]cc(Cc3ccc(C(=O)NS(=O)(=O)c4ccccc4)cc3)c2c1)OC1CCCC1,1
O=C(Nc1ccc2[nH]ccc2c1)c1cc2ccccc2n1Cc1ccccc1,1
O=C(Nc1ccc2c(c1)CCCC2)c1ccccc1,1
O=C(Nc1ccc2cc(N=Nc3ccc(N=Nc4ccccc4)cc3)ccc2c1)c1ccccc1,1
O=C(Nc1ccc2ncccc2c1)Nc1ccc2ncccc2c1,1
O=C(Nc1cccc(C(=O)Nc2cccc(C(=O)Nc3cccc4ccccc34)c2)c1)Nc1cccc(C(=O)Nc2cccc(C(=O)Nc3cccc4ccccc34)c2)c1,1
O=C(Nc1cccc(C2=NCCN2)c1)Nc1cccc(C2=NCCN2)c1,1
O=C(Nc1cccc(Nc2nccc(-c3cccnc3)n2)c1)c1ccc(CN2CCNCC2)cc1,1
O=C(Nc1cccc2c(=O)cc(-c3nnn[nH]3)oc12)c1ccc(OCCCCc2ccccc2)cc1,1
O=C(Nc1cccc2ccccc12)c1ccccc1,1
O=C(Nc1cccc2ccoc12)c1ccccc1,1
O=C(Nc1ccccc1)C1=COCCS1,1
O=C(Nc1ccccc1)C1=COCCS1(=O)=O,1
O=C(Nc1ccccc1)C1CCCCC1,1
O=C(Nc1ccccc1)C1CCCCN1,1
O=C(Nc1ccccc1)C1CCCN1,1
O=C(Nc1ccccc1)N(Cc1ccccc1)C1CCCC1,1
O=C(Nc1ccccc1)N(Cc1ccccc1)Cc1oc2ccccc2c1-c1ccccc1,1
O=C(Nc1ccccc1)N1CCN(c2ncnc3cc(OCCCN4CCCCC4)ccc23)CC1,1
O=C(Nc1ccccc1)N1COC2Cc3ccccc3C2=N1,1
O=C(Nc1ccccc1)Nc1ccc(Oc2ccncc2)cc1,1
O=C(Nc1ccccc1)Nc1ccncc1,1
O=C(Nc1ccccc1)Nc1cnns1,1
O=C(Nc1ccccc1)Nc1nc2ccccc2s1,1
O=C(Nc1ccccc1)OCC(CN1CCCCC1)OC(=O)Nc1ccccc1,1
O=C(Nc1ccccc1)Oc1ccccc1,1
O=C(Nc1ccccc1)c1c[nH]c(-c2ccccc2)c1-c1ccccc1,1
O=C(Nc1ccccc1)c1c[nH]c(-c2ccccc2)c1-c1ccccc1.O=C(Nc1ccccc1)c1c[nH]c(-c2ccccc2)c1-c1ccccc1,1
O=C(Nc1ccccc1)c1c[nH]c2c1C(=O)CCC2,1
O=C(Nc1ccccc1)c1cc2ccccc2[nH]c1=O,1
O=C(Nc1ccccc1)c1ccc2c(c1)CCCC2,1
O=C(Nc1ccccc1)c1cccnc1Oc1ccccc1,1
O=C(Nc1ccccc1)c1ccco1,1
O=C(Nc1ccccc1)c1cccs1,1
O=C(Nc1ccccc1)c1ccoc1,1
O=C(Nc1ccccc1)c1cnc(Nc2cc(N3CCNCC3)ncn2)s1,1
O=C(Nc1ccccc1)c1cnoc1,1
O=C(Nc1ccccc1-c1ccccc1)c1cccnc1,1
O=C(Nc1ccccc1CCC1CCCCN1)c1ccccc1,1
O=C(Nc1ccccc1CNCC(=O)N1CCOCC1)c1ccccc1,1
O=C(Nc1ccccc1SSc1ccccc1NC(=O)c1ccccc1)c1ccccc1,1
O=C(Nc1ccccn1)C1=Cc2sccc2S(=O)(=O)N1,1
O=C(Nc1ccccn1)C1NS(=O)(=O)c2ccsc2C1=O,1
O=C(Nc1ccccn1)c1ccc2[nH]c(CNc3ccccc3)nc2c1,1
O=C(Nc1cccnc1)N1CCc2cc3[nH]ccc3cc21,1
O=C(Nc1ccno1)c1ccccc1,1
O=C(Nc1ccon1)C1=Cc2ccccc2S(=O)(=O)N1,1
O=C(Nc1cnccn1)[C@H](CC1CCCC1)c1ccccc1,1
O=C(Nc1nc(-c2ccccc2)c(CCC2CCCCC2)s1)c1cc2ccccc2[nH]1,1
O=C(Nc1nc(-c2ccccc2)cs1)c1cc2ccccc2[nH]1,1
O=C(Nc1ncccn1)NS(=O)(=O)Cc1ccccc1,1
O=C(Nc1ncccn1)NS(=O)(=O)c1ccccc1,1
O=C(Nc1ncccn1)NS(=O)(=O)c1ccccn1,1
O=C(Nc1nccs1)C1=Cc2ccccc2S(=O)(=O)N1,1
O=C(Nc1nccs1)c1ccccc1,1
O=C(Nc1nccs1)c1cccs1,1
O=C(Nc1ncncn1)NS(=O)(=O)c1ccsc1,1
O=C(Nc1nnn[n-]1)c1cc2ccccc2s1,1
O=C(Nn1ccc2ccccc21)c1cnc(-c2ccccn2)nc1,1
O=C(OC(=O)c1ccccc1)c1ccccc1,1
O=C(OC/C=C/c1ccccc1)C1=CNC=CC1c1ccccc1,1
O=C(OC1CC2CCCC(C1)N2)C(c1cccs1)c1cccs1,1
O=C(OC1CCCCC1)c1ccccc1C(=O)OC1CCCCC1,1
O=C(OC1CCNCC1)C(Oc1ccccc1)Oc1ccccc1,1
O=C(OC1CCNCC1)C(c1ccccc1)c1ccccc1,1
O=C(OC1CC[NH2+]C1)C(c1ccccc1)C1CCCC1,1
O=C(OC1CC[NH2+]C1)C(c1ccccc1)c1ccccc1,1
O=C(OC1CN(C(c2ccccc2)c2ccccc2)C1)C1=CNC=CC1c1ccccc1,1
O=C(OC1CN2CCC1CC2)c1ccccc1,1
O=C(OC1C[C@@H]2[NH2+][C@H](C1)[C@H]1O[C@H]12)C(c1cccs1)c1cccs1,1
O=C(OC1C[C@H]2CC[C@@H](C1)N2)c1ccccc1,1
O=C(OC1C[NH+]2CCC1CC2)C(c1ccccc1)c1ccccc1,1
O=C(OCC(COC(=O)c1ccccc1)(COC(=O)c1ccccc1)COC(=O)c1ccccc1)c1ccccc1,1
O=C(OCC(COC(=O)c1cccnc1)(COC(=O)c1cccnc1)COC(=O)c1cccnc1)c1cccnc1,1
O=C(OCC1(COC(=O)c2cccnc2)CCCC(COC(=O)c2cccnc2)(COC(=O)c2cccnc2)C1)c1cccnc1,1
O=C(OCC1=NCCCN1)C(c1ccccc1)C1CCCCC1,1
O=C(OCC1CCCC[NH2+]1)C(c1ccccc1)c1ccccc1,1
O=C(OCC1CO1)C1CCCCC1C(=O)OCC1CO1,1
O=C(OCC=Cc1ccccc1)c1ccccc1,1
O=C(OCCC(=CNCc1cncnc1)SSC(=CNCc1cncnc1)CCOC(=O)c1ccccc1)c1ccccc1,1
O=C(OCCCCCCOC(=O)c1ccccc1)c1ccccc1,1
O=C(OCCCCCOC(=O)c1ccccc1)c1ccccc1,1
O=C(OCCCCNCCc1ccccc1)c1ccccc1,1
O=C(OCCCN1CCC(c2ccccc2)(c2ccccc2)CC1)C1=CNC=CC1c1ccccc1,1
O=C(OCCCN1CCCCC1)c1ccc(OC2CCCCC2)cc1,1
O=C(OCCCN1CCCCC1)c1ccccc1,1
O=C(OCCCN1CCCN(CCCOC(=O)c2ccccc2)CC1)c1ccccc1,1
O=C(OCCCOC(=O)N(Cc1cccc[nH+]1)C(=O)c1ccccc1)N1CCCCC1,1
O=C(OCCN(Cc1ccccc1)c1ccccc1)C1=CNC=C(P2(=O)OCCCO2)C1c1ccccc1,1
O=C(OCCN1CCCCC1)C(c1ccccc1)c1ccccc1,1
O=C(OCCN1CCCCC1)c1cccc2c(=O)cc(-c3ccccc3)oc12,1
O=C(OCCN1CCN(C(c2ccccc2)c2ccccc2)CC1)C1=CNC=CC1c1ccccc1,1
O=C(OCCN1CCOCC1)c1ccccc1,1
O=C(OCCN1CCOCC1)c1cccnc1Nc1ccccc1,1
O=C(OCCNC1CCCCC1)c1ccccc1,1
O=C(OCCNCCC(c1ccccc1)c1ccccc1)C1=CNC=CC1c1ccccc1,1
O=C(OCCNCCc1ccccc1)c1ccccc1,1
O=C(OCCNCc1ccccc1)C1=CNC=CC1c1ccccc1,1
O=C(OCCOCCOCCOC(=O)c1ccccc1)c1ccccc1,1
O=C(OCCOc1cccc2[nH]ccc12)c1ccccc1,1
O=C(OCC[NH+]1CCCCC1)C(c1ccccc1)c1ccccc1,1
O=C(OCCc1ccc(N2CCN(C(c3ccccc3)c3ccccc3)CC2)cc1)C1=CNC=CC1c1ccccc1,1
O=C(OCN1C(=O)C2=C(CCCC2)C1=O)C1CC1,1
O=C(OCN1C(=O)CNC1=O)C1CC1,1
O=C(OCOC(=O)c1cccc2ncn(Cc3ccc(-c4ccccc4-c4nnn[nH]4)cc3)c12)OC1CCCCC1,1
O=C(OC[C@H]1CN[C@@H]2Cc3c[nH]c4cccc(c34)C2C1)c1cccnc1,1
O=C(OC[C@H]1O[C@@H](OC(=O)c2cccc(OC(=O)c3ccccc3)c2)[C@H](OC(=O)c2cccc(OC(=O)c3ccccc3)c2)[C@@H](OC(=O)c2cccc(OC(=O)c3ccccc3)c2)[C@@H]1OC(=O)c1cccc(OC(=O)c2ccccc2)c1)c1cccc(OC(=O)c2ccccc2)c1,1
O=C(OCc1cccc(-c2ccccc2)c1)C1CC1,1
O=C(OCc1ccccc1)C(=O)OCc1ccccc1,1
O=C(OCc1ccccc1)C1CCCC1,1
O=C(OCc1ccccc1)c1cccnc1,1
O=C(OCc1coc(=O)o1)c1cncn1Cc1ccc(-c2ccccc2-c2nn[nH]n2)cc1,1
O=C(OOC(=O)c1ccccc1)c1ccccc1,1
O=C(O[C@@H]1CCCN(Cc2ccccc2)C1)C1=CNC=C[C@H]1c1ccccc1,1
O=C(O[C@@H]1C[C@@H]2C[C@@H]3C[C@H](C1)N2CC3=O)c1c[nH]c2ccccc12,1
O=C(O[C@@H]1Cc2ccccc2O[C@@H]1c1ccccc1)c1ccccc1,1
O=C(O[C@H]1C2CCC3[C@H]4C[C@@H]5C6CCC[C@@]5(C4NC6)[C@H](C2)[C@@H]31)c1ccccc1,1
O=C(O[C@H]1CCN(Cc2ccccc2)C1)C1=CNC=C[C@@H]1c1ccccc1,1
O=C(O[C@H]1CN2CCC1CC2)N1CCc2ccccc2[C@@H]1c1ccccc1,1
O=C(O[C@H]1COC[C@@H](O[C@H]2C[C@@H](OC(=O)c3ccccc3)CCO2)C1)c1ccccc1,1
O=C(O[C@H]1C[C@H]2CC[C@@H](C1)[N+]21CCCC1)C(c1ccccc1)c1ccccc1,1
O=C(O[C@H]1C[C@H]2CC[C@@H](C1)[NH2+]2)C(c1ccccc1)c1ccccc1,1
O=C(O[C@H]1c2nccnc2C(=O)N1c1ccccn1)N1CCNCC1,1
O=C(Oc1ccc2c(c1)CCC1C2CCC2CCCC21)c1ccccc1,1
O=C(Oc1ccc2c(c1)CCCO2)c1cccnc1,1
O=C(Oc1ccc2c(c1)CC[C@@H]1[C@@H]2CCC2CCC[C@H]21)c1ccccc1,1
O=C(Oc1cccc2cccnc12)c1ccccc1,1
O=C(Oc1ccccc1)C1CCCCC1,1
O=C(Oc1ccccc1)N1CCN2CCC1CC2,1
O=C(Oc1ccccc1)c1ccc2ccccc2c1,1
O=C(Oc1ccccc1)c1cccc(C(=O)Oc2ccccc2)c1,1
O=C(Oc1ccccc1)c1ccccc1C(=O)Oc1ccccc1,1
O=C(Oc1ccccc1)c1ccco1,1
O=C(Oc1ccccc1OC(=O)c1ccccc1)c1ccccc1,1
O=C(SC=CNCc1cncnc1)c1ccccc1,1
O=C(SCCC(=O)N1CC[C@H](Sc2ccccc2)C1)c1ccccc1,1
O=C(SCCC(=O)N1CC[C@H](Sc2ccccc2)C1)c1ccccc1.O=C(SCCC(=O)N1CC[C@H](Sc2ccccc2)C1)c1ccccc1,1
O=C([C@@H]1C(c2ccccc2)c2ccccc2N1S(=O)(=O)c1ccccc1)N1CCCC1,1
O=C([N-]S(=O)(=O)/C=C/c1ccccc1)c1ccccc1,1
O=C([N-]S(=O)(=O)c1ccccc1)Nc1ncncn1,1
O=C([N-]S(=O)(=O)c1ccccn1)Nc1ncccn1,1
O=C([N-]S(=O)(=O)c1ccco1)Nc1ccccc1,1
O=C(c1c[nH]c2ccccc12)[C@@H]1CCc2[nH]cnc2C1,1
O=C(c1cc2ccccc2[nH]1)N1CCN(c2ccccn2)CC1,1
O=C(c1cc2ccccc2o1)N1CCN(Cc2ccccc2)CC1,1
O=C(c1ccc(-c2ccc(-c3nnco3)cc2)cc1)N1CCc2cc3c(cc21)C1(CCNCC1)CO3,1
O=C(c1ccc(C#Cc2ccccc2)o1)N1CCC(c2ccccc2)CC1,1
O=C(c1ccc(OCCN2CCCCC2)cc1)c1c(-c2ccccc2)sc2ccccc12,1
O=C(c1ccc2[nH]cnc2c1)C1CC1,1
O=C(c1ccc2[nH]cnc2c1)c1cccs1,1
O=C(c1ccc2c(c1)C(=O)OC2=O)c1ccc2c(c1)C(=O)OC2=O,1
O=C(c1ccccc1)C1CCC1,1
O=C(c1ccccc1)C1CCCCC1,1
O=C(c1ccccc1)C1CCN(CCc2cnc3ccccn3c2=O)CC1,1
O=C(c1ccccc1)C1CCN(CCc2cnc3n(c2=O)CCS3)CC1,1
O=C(c1ccccc1)C1CCN(CCn2c(=O)[nH]c3ccccc3c2=O)CC1,1
O=C(c1ccccc1)C1CCN(CCn2c(=S)[nH]c3ccccc3c2=O)CC1,1
O=C(c1ccccc1)C1CNCCC1c1ccccc1,1
O=C(c1ccccc1)N1CC2CC(CN(Cc3ccccc3)C2)C1,1
O=C(c1ccccc1)N1CCC(CCN2C3CCC2CC(n2cnc4ccccc42)C3)(c2ccccc2)CC1,1
O=C(c1ccccc1)N1CCCCCCC1,1
O=C(c1ccccc1)N1CCC[C@@](CCCN2CCC(c3ccccc3)CC2)(c2ccccc2)C1,1
O=C(c1ccccc1)N1CCOC(CCN2CCC(N3CCCCC3)CC2)(c2ccccc2)C1,1
O=C(c1ccccc1)N1CCOCC1,1
O=C(c1ccccc1)N1CCO[C@](CCN2CCC(c3ccccc3)CC2)(c2ccccc2)C1,1
O=C(c1ccccc1)P(=O)(C(=O)c1ccccc1)c1ccccc1,1
O=C(c1ccccc1)c1c[nH]c(=O)[nH]1,1
O=C(c1ccccc1)c1c[nH]c2ccccc12,1
O=C(c1ccccc1)c1ccc(OCCN2CCCCC2)cc1,1
O=C(c1ccccc1)c1ccc2[nH]cnc2c1,1
O=C(c1ccccc1)c1ccc2n1CCC2,1
O=C(c1ccccc1)c1ccccc1-n1ccnc1,1
O=C(c1ccccc1)c1ccccc1.O=C(c1ccccc1)c1ccccc1,1
O=C(c1ccccc1)c1ccccc1NCCc1ccc(OCCc2coc(-c3ccccc3)n2)cc1,1
O=C(c1ccccc1)c1cn(CCN2CCOCC2)c2ccccc12,1
O=C(c1ccccc1)c1cnoc1C1CC1,1
O=C(c1ccco1)N1CCN(c2ncc3ccccc3n2)CC1,1
O=C(c1ccco1)N1CCNCC1,1
O=C(c1cccs1)N1CCC(c2ccccc2)CC1,1
O=C(c1cccs1)c1c[nH]c2ccccc12,1
O=C(c1cn(-c2ccccc2)c(-c2ccccc2)n1)N1CCN(c2ccc3ccccc3c2)CC1,1
O=C(c1cn[nH]c1)c1cccc(C2=NOCC2)c1,1
O=C(c1cncnc1)N1CCC(N2CCN(Cc3ccccc3)CC2)CC1,1
O=C1/C(=N/Nc2cccc(-c3ccccc3)c2)C=NN1c1ccccc1,1
O=C1C(=Cc2ccccc2)C2CCC1C2,1
O=C1C(=Cc2ccccc2)CCCC1=Cc1ccccc1,1
O=C1C(=Cc2cccs2)CCCC1=Cc1cccs1,1
O=C1C(=O)c2cccc3cccc1c23,1
O=C1C(=O)c2ncccc2-c2cccnc21,1
O=C1C(CCS(=O)c2ccccc2)C(=O)N(c2ccccc2)N1c1ccccc1,1
O=C1C(c2ccccc2)N=CN1Nc1ccccc1,1
O=C1C2=C(CCCC2)C(=O)N1c1ccccc1,1
O=C1C2=CC3C(=O)C=CC[C@@H]3CC2Cc2ccccc21,1
O=C1C2CC2C(=O)N1c1ccccc1,1
O=C1C=C(/C=C/C=C/C=C/C=C/C=C\C=C\C=C\C=C\C=C\C2=CC(=O)CCC2)CCC1,1
O=C1C=C(CC2CCCCC2)C(=O)c2ccccc21,1
O=C1C=C(N2CC2)C(=O)C=C1N1CC1,1
O=C1C=C([C@H]2CCC3C2CC[C@@H]2C4CCC(O[C@H]5CC[C@H](O[C@H]6CC[C@H](O[C@H]7CC[C@H](O[C@H]8CCCCO8)CO7)CO6)CO5)CC4CC[C@@H]32)CO1,1
O=C1C=C([C@H]2CCC3C2CC[C@@H]2C4CCC(O[C@H]5CC[C@H](O[C@H]6CC[C@H](O[C@H]7CC[C@H](O[C@H]8CCCCO8)CO7)CO6)CO5)C[C@H]4CC[C@@H]32)CO1,1
O=C1C=C([C@H]2CCC3C2CC[C@@H]2C4CC[C@H](O[C@H]5CCCCO5)CC4CC[C@@H]32)CO1,1
O=C1C=C([C@H]2CC[C@H](c3ccccc3)CC2)C(=O)c2ccccc21,1
O=C1C=C2C(CC1)[C@H]1CCC3[C@@H]([C@@H]4C[C@@H]4[C@@]34CCC(=O)O4)[C@@H]1[C@H]1C[C@@H]21,1
O=C1C=C2C(CCC3CCCC[C@@H]23)C2CCC3C[C@@H](O[C@H]4OCCC[C@H]4O[C@H]4CCCCO4)CCC3[C@@H]12,1
O=C1C=C2C=C[C@@H]3C[C@@]2(O1)[C@H]1CCCCN31,1
O=C1C=C2C=C[C@@H]3[C@H](CCC4[C@H]3CC[C@@]43CCC(=O)O3)C2CC1,1
O=C1C=C2C=C[C@H]3[C@@H]4CCCC4CC[C@@H]3C2[C@H]2C[C@@H]12,1
O=C1C=C2C=C[C@H]3[C@@H]4CCCC4CC[C@H]3C2CC1,1
O=C1C=C2CCC3C4CCCC4CCC3C2CC1,1
O=C1C=C2CCCCC2CC1,1
O=C1C=C2CCCCCCC=CCCC=CC=CC(=O)NC(=C1)C2=O,1
O=C1C=C2CC[C@@H]3C(=C2CC1)[C@@H](c1ccccc1)CC1CCC[C@H]13,1
O=C1C=C2CC[C@@H]3C(=CCC4CCC[C@H]43)C2CC1,1
O=C1C=C2CC[C@@H]3C(CCC4C5OCO[C@@H]5C[C@H]43)C2CC1,1
O=C1C=C2CC[C@@H]3[C@H](CCC4C5OCO[C@@H]5C[C@H]43)C2CC1,1
O=C1C=C2CC[C@@H]3[C@H](CCC4CC=C[C@H]43)[C@H]2CC1,1
O=C1C=C2CC[C@@H]3[C@H](CCC4[C@@H](OC(=O)CCC5CCCCC5)CC[C@H]43)[C@H]2CC1,1
O=C1C=C2CC[C@@H]3[C@H](CCC4[C@@H](OC(=O)CCc5ccccc5)CC[C@H]43)C2CC1,1
O=C1C=C2CC[C@@H]3[C@H](CCC4[C@@H](OC(=O)CCc5ccccc5)CC[C@H]43)[C@H]2CC1,1
O=C1C=C2CC[C@@H]3[C@H](CCC4[C@H]3CC[C@@]43CCC(=O)O3)C2CC1,1
O=C1C=C2CC[C@H]3[C@@H]4CC[C@@]5(CCC(=O)O5)C4C[C@H]4O[C@]43C2CC1,1
O=C1C=CC(=O)C(Cc2ccccc2)=C1,1
O=C1C=CC(=O)C2=C1CC1[C@H]3N[C@H]3CN21,1
O=C1C=CC(=O)CC1,1
O=C1C=CC(=O)N1,1
O=C1C=CC(=O)N1c1ccc(Cc2ccc(N3C(=O)C=CC3=O)cc2)cc1,1
O=C1C=CC(=O)N1c1ccccc1,1
O=C1C=CC(=O)O1,1
O=C1C=CC(OC(=O)C2CC2)C1,1
O=C1C=CC2C(=C1)CC[C@@H]1C2C(=O)CC2CCC[C@H]21,1
O=C1C=CC2C(=C1)CC[C@@H]1C2CCC2C(C(=O)COC(=O)c3ccccc3)CC[C@H]21,1
O=C1C=CC2C(=C1)CC[C@@H]1C2CCC2C(C(=O)COC(=O)c3ccncc3)CC[C@H]21,1
O=C1C=CC2C(=C1)CC[C@@H]1C2CCC2C(OC(=O)c3ccco3)CC[C@H]21,1
O=C1C=CC2C(=C1)CC[C@@H]1C2CCC2C3OC4(CCCC4)O[C@@H]3C[C@H]21,1
O=C1C=CC2C(=C1)CC[C@@H]1[C@@H]2CCC2C3N=CO[C@@H]3C[C@H]21,1
O=C1C=CC2C(=C1)CC[C@@H]1[C@@H]2CCC2C3O[C@H](C4CCCCC4)O[C@@H]3C[C@H]21,1
O=C1C=CC2C(=C1)CC[C@H]1[C@@H]3CCC(=O)OC3CC[C@H]21,1
O=C1C=CC2C(=C1)Oc1ccccc1C21OC(=O)c2ccccc21,1
O=C1C=CC2C3=CC(=O)[C@H]4C(CCC5CCCC[C@H]54)C3CC[C@H]2C1,1
O=C1C=CC2CC[C@H]3CC(=O)O[C@@H]3C2=C1,1
O=C1C=CC2OC2CCOC(=O)CCC[C@@H](O[C@H]2CCCCO2)CCC1,1
O=C1C=CC2OC2CCOC(=O)CCC[C@@H](O[C@H]2CC[C@H](O[C@H]3CCCCO3)CO2)CCC1,1
O=C1C=CC2[C@@H](CC[C@H]3[C@@H]4CCCC4CC[C@H]23)C1,1
O=C1C=CC2[C@H]3CCC4CCC[C@H]4[C@@H]3CC[C@H]2N1,1
O=C1C=CC2[C@H]3CCC4[C@@H](C(=O)Nc5ccccc5)CC[C@H]4[C@@H]3CC[C@H]2N1,1
O=C1C=CC=CCCCCCCCCC=COC2Oc3ccc4c(c3C2=O)C2=NC3(CCNCC3)NC2=C(N1)C4=O,1
O=C1C=CC=CCCCCCCCCC=COC2Oc3ccc4cc(c(/C=N/N5CCN(C6CCCC6)CC5)cc4c3C2=O)N1,1
O=C1C=CC=CCCCCCCCCC=COC2Oc3ccc4cc(c(/C=N/N5CCNCC5)cc4c3C2=O)N1,1
O=C1C=CC=CCCCCCCCCC=COC2Oc3ccc4cc(c5c(nc6ccccn65)c4c3C2=O)N1,1
O=C1C=CC=CCCCCCCCCC=COC2Oc3ccc4cc(ccc4c3C2=O)N1,1
O=C1C=CC=C[C@H](CO[C@H]2CCCCO2)COC(=O)CCC[C@@H](O[C@H]2CCCCO2)[C@@H](CCN2CCCCC2)CC1,1
O=C1C=CC=C[C@H](CO[C@H]2CCCCO2)COC(=O)CCC[C@@H](O[C@H]2CC[C@H](O[C@H]3CCCCO3)CO2)CCC1,1
O=C1C=CCC(C2CCOCC2)C1,1
O=C1C=CCC(CCc2ccccc2)O1,1
O=C1C=CCO1.O=C1C=CCO1,1
O=C1C=CC[C@H](/C=C/c2ccc3c(c2)OCO3)O1,1
O=C1C=CC[C@H](/C=C/c2ccccc2)O1,1
O=C1C=CNC(=O)C1,1
O=C1C=COC(=O)C1,1
O=C1C=COC1c1ccccc1,1
O=C1C=COS(=O)(=O)[N-]1,1
O=C1C=C[C@@H](OC(=O)C2CC2)C1,1
O=C1C=C[C@H](OC(=O)C2CC2)C1,1
O=C1C=C[C@H]2C[C@@H]1C2,1
O=C1C=C[C@H]2O[C@@H]2CCCC2CCC[C@H](C[C@@H](O[C@H]3CCCCO3)C=CC=CC=CC=CCCO1)O2,1
O=C1C=C[C@]2(CC1)Oc1ccccc1C2=O,1
O=C1CC(=O)C1,1
O=C1CC(=O)N(C2CCCCC2)C(=O)N1,1
O=C1CC(=O)N(c2ccccc2)c2ccccc2N1,1
O=C1CC(=O)OCC2OC(=O)N(CCCCn3cnc(-c4cccnc4)c3)[C@@H]2CC(=O)CCC[C@H](O[C@H]2CCCCO2)C1,1
O=C1CC(CC[C@@H]2CCCCC2=O)CC(=O)N1,1
O=C1CC(c2cccc(OC3CCCC3)c2)CN1,1
O=C1CC(c2ccccc2)CC(=O)N1,1
O=C1CC2(CCCC2)CC(=O)N1,1
O=C1CC2(CCCC2)CC(=O)N1CCCCN1CCN(c2ncccn2)CC1,1
O=C1CC2(CCCC2)CC(=O)N1CCNCC1COc2ccccc2O1,1
O=C1CC2C(=O)C3CCC2C3C1,1
O=C1CC2CC1C1CCCC21,1
O=C1CC2CCC1C2,1
O=C1CC2CCCN3CCc4c(n1c1ccccc41)[C@H]23,1
O=C1CC2C[C@@H]2C1,1
O=C1CC2N1CCS2(=O)=O,1
O=C1CCC(=O)CC1,1
O=C1CCC(=O)c2ccccc21,1
O=C1CCC(C2CCCCC2)CC1,1
O=C1CCC(N2C(=O)c3ccccc3C2=O)C(=O)N1,1
O=C1CCC(N2Cc3ccccc3C2=O)C(=O)N1,1
O=C1CCC(c2ccc(-n3ccnc3)cc2)=NN1,1
O=C1CCC(c2ccc(NCCNCCCOc3ccccc3)cc2)=NN1,1
O=C1CCC(c2ccc3[nH]c(-c4ccccc4)nc3c2)=NN1,1
O=C1CCC(c2ccccc2)(C2CCN(Cc3ccccc3)CC2)C(=O)N1,1
O=C1CCC(c2ccccc2)CC1,1
O=C1CCC23CCCCCC(CCC2)C13,1
O=C1CCC2CC[C@H]3C(=C12)CC[C@H]1CCCCC13,1
O=C1CCC2[C@@H](C1)CC(=O)[C@H]1[C@@H]3CCCC3C(=O)C[C@H]21,1
O=C1CCC2[C@@H](CC[C@H]3[C@@H]4CC=CC4CC[C@H]23)C1,1
O=C1CCC2[C@H]3Cc4cccc5c4[C@@]2(CCN3CC2CC2)[C@H]1O5,1
O=C1CCC=NN1,1
O=C1CCCC(=O)C1,1
O=C1CCCC(=O)C1=CC1CC1,1
O=C1CCCC(=O)N1,1
O=C1CCCC(=O)O1,1
O=C1CCCC(=O)O[C@@H]2CCN3CC=C(CO1)[C@H]23,1
O=C1CCCC/C1=C\c1ccccc1,1
O=C1CCCC1Cc1ccccc1,1
O=C1CCCC23CCC(C[C@H]12)C3,1
O=C1CCCC2=C1CCC2,1
O=C1CCCC=CCCCCCCCCCC1,1
O=C1CCCC=Cc2ccccc2C(=O)OCCCC1,1
O=C1CCCCC1=O,1
O=C1CCCCC1C1CCCCC1,1
O=C1CCCCC1CN1CCCCC1,1
O=C1CCCCC1c1cccs1,1
O=C1CCCCCCC2O[C@H]2CC(C=Cc2cscn2)OC(=O)CCC1,1
O=C1CCCCCCCCCC2CCCC(CC(O[C@H]3CCCCO3)C=CC=CC=CC=CC=CC=CC=CCC(CCCCCC(=O)c3ccccc3)OC(=O)CCC1)O2,1
O=C1CCCCCCCCCCC(=O)OCCO1,1
O=C1CCCCCCCCCCC1,1
O=C1CCCCCCCCCCCC(=O)OCCO1,1
O=C1CCCCCCCCCCCC2CCCC(C[C@@H](O[C@@H]3CCCCO3)C=CC=CC=CC=CCCC=CC=CCCCCO1)O2,1
O=C1CCCCCCCCCCCC2CCC[C@H](C[C@@H](O[C@H]3CCCCO3)C=CC=CC=CC=CC=CC=CC=CCCCCO1)O2,1
O=C1CCCCCCCCCCCCCC1,1
O=C1CCCCCCCCCCCCCCC=CC=CC=CC=CC=CCCO1,1
O=C1CCCCCCCCCCCCCCCO1,1
O=C1CCCCCCCCCCCCCCO1,1
O=C1CCCCCCCCCCCN1,1
O=C1CCCCCCCCCCOCCCCO1,1
O=C1CCCCCN1SSN1CCCCCC1=O,1
O=C1CCCN1C(=O)c1ccccc1,1
O=C1CCCN1C1CCCCC1,1
O=C1CCCN1[C@H]1CCOc2ccccc21,1
O=C1CCCN1c1ccccc1,1
O=C1CCCNC(=O)CNC(=O)CNC(=O)CNC(=O)CNC(=O)CNC(=O)CN1,1
O=C1CCCNC(=O)CNC(=O)CNC(=O)CNC(=O)CNC(=O)[C@@H](Cc2ccccc2)NC(=O)CN1,1
O=C1CCC[C@@H](O[C@H]2CC[C@H](O[C@H]3CCCCO3)CO2)CCC[C@@H](O[C@@H]2CCCCO2)C=CC=CCCO1,1
O=C1CCCc2c1cc1ccc3cccc4ccc2c1c34,1
O=C1CCN(C2CCCC2)c2nc(Nc3ccc(C(=O)NC4CCNCC4)cc3)ncc2N1,1
O=C1CCN2C(=O)[C@H](Cc3ccccc3)NC(=O)[C@@H]3CCCN3C(=O)CNC(=O)[C@@H](NC(=O)c3ccccn3)COC(=O)[C@H](c3ccccc3)NC(=O)C2C1,1
O=C1CCN2CCc3ccccc3C2C1,1
O=C1CCOC1,1
O=C1CCOC2CC[C@H]3CCCCC3C12,1
O=C1CCON1,1
O=C1CCON1Cc1ccccc1,1
O=C1CCO[C@H]2O[C@@H]3CCCC[C@H]3OC12,1
O=C1CCS(=O)(=O)C(c2ccccc2)N1,1
O=C1CCSSCCNC(=O)[C@@H]2CCCN2C(=O)[C@H](Cc2c[nH]c3ccccc23)NC(=O)CNC(=O)CNC(=O)CN1,1
O=C1CC[C@@H](C(=O)N2CCSC2)N1,1
O=C1CC[C@@H](C(=O)N[C@@H](Cc2cnc[nH]2)C(=O)N2CCCC2)N1,1
O=C1CC[C@@H](C(=O)N[C@H]2C[C@@H]2c2ccccc2)N1,1
O=C1CC[C@@H](c2cccnc2)N1,1
O=C1CC[C@@H]2C1CC[C@@H]1c3ccccc3CC[C@H]12,1
O=C1CC[C@H](/C=C/CCC2CCC2)C1,1
O=C1CC[C@H](/C=C/CCOc2ccccc2)C1,1
O=C1CC[C@H](C(=O)N2CCCCC2)N1,1
O=C1CC[C@H](C[C@@H](C(=O)Nc2cnccn2)c2ccccc2)C1,1
O=C1CC[C@H](O[C@H]2CC[C@H](O[C@H]3CC[C@H](O[C@H]4CCCc5cc6c(cc54)C(=O)c4ccccc4C6=O)OC3)OC2)OC1,1
O=C1CC[C@H]2C3=CCc4ccccc4[C@H]3CCC12,1
O=C1CC[C@H]2[C@H]3Cc4cccc5c4[C@@]2(CCN3)[C@H]1O5.O=C1CC[C@H]2[C@H]3Cc4cccc5c4[C@@]2(CCN3)[C@H]1O5,1
O=C1CCc2cc(CCN3CCN(c4nsc5ccccc45)CC3)ccc2N1,1
O=C1CCc2cc(OCCCCc3nnnn3C3CCCCC3)ccc2N1,1
O=C1CCc2ccc(OCCCCN3CCN(c4ccccc4)CC3)cc2N1,1
O=C1CCc2ccc(cc2)Oc2cc3cc(c2O[C@@H]2OCCC[C@H]2O[C@H]2CCCCO2)Oc2ccc(cc2)C[C@@H]2NC(=O)[C@H](NC(=O)[C@@H]3NC(=O)CN1)c1cccc(c1)-c1ccccc1CNC2=O,1
O=C1CCc2ccccc21,1
O=C1CCc2ccccc2N1,1
O=C1CCc2ccccc2O1,1
O=C1CCc2ccccc2[C@H]2CCCCN12,1
O=C1CN(N=Cc2ccc(-c3ccccc3)o2)C(=O)[N-]1,1
O=C1CN(N=Cc2ccco2)C(=O)N1,1
O=C1CN2CCc3ccccc3C2c2ccccc2N1,1
O=C1CN2Cc3ccccc3NC2=N1,1
O=C1CN=C(c2ccc3ccccc3n2)N1,1
O=C1CN=C(c2ccccc2)c2ccccc2N1CC1CC1,1
O=C1CNC(=O)CNC(=O)CNC(=O)CNC(=O)CNC(=O)CNC(=O)CNC(=O)CNC(=O)CNC(=O)CNC(=O)CN1,1
O=C1CNC(=O)CNC(=O)[C@@H](Cc2c[nH]c3ccccc23)NC(=O)[C@H](Cc2ccccc2)NC(=O)[C@@H](NC(=O)CCc2ccccc2)CSSCCN1,1
O=C1CNC(=O)CNC(=O)[C@@H](Cc2ccccc2)NC(=O)CCSSC[C@@H](C(=O)N2CCCC2)NC(=O)CN1,1
O=C1CNC(=O)CNC(=O)[C@@H](Cc2cnc[nH]2)NC(=O)[C@@H](Cc2ccccc2)NC(=O)CNC(=O)CNC(=O)[C@H](NC(=O)CNC(=O)CNC(=O)CNC(=O)[C@@H]2CSC=N2)CCCCN1,1
O=C1CNC(=O)CNC(=O)[C@@H]2CCCN2C(=O)[C@@H](Cc2ccccc2)NC(=O)CNC(=O)CNC(=O)CNC(=O)[C@@H]2CCCN2C(=O)[C@@H](Cc2ccccc2)NC(=O)CN1,1
O=C1CNC(=O)CNC(=O)[C@H](Cc2ccccc2)NC(=O)CCSSC[C@@H](C(=O)N2CCCC2)NC(=O)CN1,1
O=C1CNC(=O)[C@@H]2CCCN2C(=O)CNC(=O)[C@@H](NC(=O)c2cc(=O)cc3oc4cccc(C(=O)N[C@H]5COC(=O)CNC(=O)CNC(=O)[C@@H]6CCCN6C(=O)CNC5=O)c4nc2-3)COC(=O)CN1,1
O=C1CNC(=S)N1,1
O=C1CNC(NC(=O)Nc2ccccc2)=N1,1
O=C1CNC(c2ccccc2)=N1,1
O=C1CNC(c2ccccn2)=N1,1
O=C1CNc2ccc(C(=O)N3CCC(C4CCNCC4)CC3)cc2CN1,1
O=C1COC(=O)CO1,1
O=C1COC(=O)N1c1ccccc1,1
O=C1CO[C@](CCN2CCC(c3ccccc3)CC2)(c2ccccc2)CN1c1ccccc1,1
O=C1COc2c(cccc2C(=O)NC2CN3CCC2CC3)N1,1
O=C1COc2ccc(N3C(=O)C4=C(CCCC4)C3=O)cc2N1,1
O=C1COc2ccccc2OC1,1
O=C1CSC2(CCN(CCCN3c4ccccc4Sc4ccccc43)CC2)N1,1
O=C1C[C@@H](C(=O)N[C@@H](Cc2c[nH]cn2)C(=O)N2CCCC2)NC(=O)N1,1
O=C1C[C@@H](Cc2cnc[nH]2)CO1,1
O=C1C[C@@H](O[C@H]2CCCCO2)C[C@@H](O[C@H]2CCCCO2)CCCCNCCCCO1,1
O=C1C[C@@H](O[C@H]2CCCCO2)C[C@@H](O[C@H]2CCCCO2)CC[C@]2(CO2)C(=O)CCCCO1,1
O=C1C[C@@H](c2ccc3c(c2)O[C@H](c2ccccc2)CO3)Oc2ccccc21,1
O=C1C[C@@H]2C3CCCC[C@@H]3CC[C@H]2[C@@H]2C[C@@H]3O[C@]4(CCCCO4)C[C@@H]3C12,1
O=C1C[C@@H]2CCC[C@@H]3CCC4OOC32[C@H](O1)O4,1
O=C1C[C@@H]2N1CC(Cn1ccnn1)S2(=O)=O,1
O=C1C[C@@H]2N1CCS2(=O)=O,1
O=C1C[C@@H]2OC(=O)C[C@@H]2O1,1
O=C1C[C@@H]2OCC(CSc3nnn[nH]3)=CN12,1
O=C1C[C@@H]2OCC=C3CN4CC[C@]56c7ccccc7N1[C@H]5[C@H]2[C@H]3C[C@H]46.O=C1C[C@@H]2OCC=C3CN4CC[C@]56c7ccccc7N1[C@H]5[C@H]2[C@H]3C[C@H]46,1
O=C1C[C@@H]2OCC=C3CN4CC[C@]56c7ccccc7N1[C@H]5[C@H]2[C@H]3C[C@H]46.c1ccc(-n2cccc2)cc1,1
O=C1C[C@@H]2OCC=C3CN4CC[C@]56c7ccccc7N1[C@H]5[C@H]2[C@H]3C[C@H]46.c1ccccc1,1
O=C1C[C@@H]2OC[C@@H]3CC(=O)C4[C@H](CCC5[C@H](c6ccoc6)OC(=O)[C@H]6O[C@]546)[C@]32CO1,1
O=C1C[C@H]2C(CC[C@H]3CCCCC32)O1,1
O=C1C[C@H]2CC(SC3Cn4cnc[n+]4C3)=CN12,1
O=C1C[C@H]2CC=CN12,1
O=C1C[C@H]2CCC1C2,1
O=C1C[C@H]2CCCO[C@@H]2C1,1
O=C1C[C@H]2OCC[C@H]2O1,1
O=C1C[C@H]2SC([C@H]3CCCO3)=CN12,1
O=C1C[C@H]2SCC(CSc3nnn[nH]3)=CN12,1
O=C1C[C@H]2SCCN12,1
O=C1C[NH+]=C(c2ccccc2)c2ccccc2N1,1
O=C1Cc2cc(CCN3CCN(c4nsc5ccccc45)CC3)ccc2N1,1
O=C1Cc2cc3n(c(=O)c2CO1)Cc1cc2cc(OC(=O)N4CCC(N5CCCCC5)CC4)ccc2nc1-3,1
O=C1Cc2ccc3cccc4c3c2-c2c1cccc2C4=O,1
O=C1Cc2cccc(c2)Oc2cccc(c2)[C@@H]2NC(=O)[C@@H](Cc3ccc(cc3)Oc3cc4cc(c3O[C@H]3CCCCO3)Oc3ccc(cc3)[C@@H](O[C@H]3CCCCO3)[C@@H]3NC(=O)[C@H](NC(=O)[C@@H]4NC2=O)c2cccc(c2)-c2c(cccc2O[C@@H]2CCCCO2)CNC3=O)N1,1
O=C1Cc2ccccc2C(=C2CCNCC2)c2ccsc21,1
O=C1Cc2ccccc2CCN1CCCNCCc1ccccc1,1
O=C1Cc2ccccc2CCN1CCCNC[C@H]1Cc2ccccc21,1
O=C1Cc2ccccc2N1c1ccccc1,1
O=C1Cc2ccccc2Nc2ccccc21,1
O=C1Cc2ccccc2Sc2ccccc21,1
O=C1N(Cc2ccc(-c3ccccc3-c3nnn[nH]3)cc2)C=NC12CCCC2,1
O=C1N(S(=O)(=O)c2ccccc2)c2ccccc2[C@]1(c1ccccc1)N1CCCC1,1
O=C1N(c2ccccc2)c2ccccc2C1(Cc1ccncc1)Cc1ccncc1,1
O=C1N=C2SCCN2C(=O)C1Cc1ccccc1,1
O=C1N=CC2CN12,1
O=C1N=CNC(=O)C1C1=CCCCC1,1
O=C1N=CNC(=O)C1c1ccccc1,1
O=C1N=COC1c1ccccc1,1
O=C1N=NC(CN2CCO[C@H](OCc3ccccc3)[C@@H]2C2CCCCC2)=N1,1
O=C1NC(=O)C(=O)C(=O)N1,1
O=C1NC(=O)C(Cc2ccc(C(=O)CCc3coc(-c4ccccc4)n3)cc2)S1,1
O=C1NC(=O)C(Cc2ccc(OCC3CCCCC3)cc2)S1,1
O=C1NC(=O)C(Cc2ccc(OCC3CCc4ccccc4O3)cc2)S1,1
O=C1NC(=O)C(Cc2ccc(OCCNc3ccccn3)cc2)S1,1
O=C1NC(=O)C(Cc2ccc(OCCc3ccccn3)cc2)S1,1
O=C1NC(=O)C(c2ccccc2)S1,1
O=C1NC(=O)C(c2cn(C3CCN(Cc4ccccn4)CC3)c3ccccc23)=C1c1c[nH]c2ccccc12,1
O=C1NC(=O)N(C(=O)c2ccccc2)C(=O)C1c1ccccc1,1
O=C1NC(=O)[C@@H]2CC=CC[C@H]12,1
O=C1NC(=O)[C@H]2[C@@H]1[C@@H]1C=C[C@H]2C1,1
O=C1NC(=S)S/C1=C/C=C/c1ccccc1,1
O=C1NC(Nc2ccc(OCCN3CCCCC3)cc2)c2ccccc21,1
O=C1NC(c2ccccc2)c2ccccc21,1
O=C1NC2(C=C1c1ccccc1)CCCCC2,1
O=C1NC2(CCN(Cc3ccc(Oc4ccccc4)cc3)CC2)C(=O)N[C@@H]1CC1CCCCC1,1
O=C1NC2CCCCN2C12CCN(CCCN1c3ccccc3CCc3ccccc31)CC2,1
O=C1NC2NC(=O)NC2N1,1
O=C1NCC(=O)N2[C@H](c3ccc4c(c3)OCO4)c3[nH]c4ccccc4c3C[C@H]12,1
O=C1NCC(CCN2CCOCC2)C1(c1ccccc1)c1ccccc1,1
O=C1NCC(c2ccccc2)=Nc2cn[nH]c21,1
O=C1NCC2(CCN(CCc3ccccc3)CC2)O1,1
O=C1NCCN(C(=O)N[C@@H](C(=O)N[C@@H]2C(=O)N3C=C(CSc4nnn[nH]4)CS[C@H]23)c2ccccc2)C1=O,1
O=C1NCCN(C(=O)N[C@@H](C(=O)N[C@@H]2C(=O)N3CCS[C@H]23)c2ccccc2)C1=O,1
O=C1NCCN1CCN1CCC(c2cn(-c3ccccc3)c3ccccc23)CC1,1
O=C1NCCN1c1ccccc1,1
O=C1NCCN1c1nccs1,1
O=C1NCCS1,1
O=C1NCN(c2ccccc2)C12CCN(CC1COc3ccccc3O1)CC2,1
O=C1NCN(c2ccccc2)C12CCN(CCCC(c1ccccc1)c1ccccc1)CC2,1
O=C1NCN(c2ccccc2)C12CCN(CCCOc1ccccc1)CC2,1
O=C1NCNC(=O)C1c1ccccc1,1
O=C1NCNc2ccccc21,1
O=C1NC[C@@H](c2cccs2)SC[C@@H]1NCCCc1ccccc1,1
O=C1NCc2c1c1c3ccccc3n3c1c1c2c2ccccc2n1C1CC[C@H]3O1,1
O=C1NN=CCN1/N=C/c1cccnc1,1
O=C1NS(=O)(=O)Nc2ccccc21,1
O=C1NS(=O)(=O)c2ccccc21,1
O=C1N[C@@H](Cc2ccc3[nH]ccc3c2)CO1,1
O=C1N[C@H]2CSC[C@H]2N1,1
O=C1Nc2cc(CN[C@H]3CCCN[C@H]3c3ccccc3)ccc2[C@H]2C[C@@H]12,1
O=C1Nc2ccccc2/C1=C/C1=CCC=N1,1
O=C1Nc2ccccc2C(C#CC2CC2)O1,1
O=C1Nc2ccccc2C1=Cc1ccc[nH]1,1
O=C1Nc2ccccc2C1C(=O)c1cccs1,1
O=C1Nc2ccccc2CC[C@@H]1NCCCc1ccccc1,1
O=C1Nc2ccccc2CO1,1
O=C1Nc2ccccc2N(C(=O)CN2CCNCC2)c2cscc21,1
O=C1Nc2ccccc2Nc2ccccc21,1
O=C1Nc2ccccc2OC1(c1ccccc1)c1ccccc1,1
O=C1Nc2ccccc2Oc2ccccc21,1
O=C1Nc2cccnc2N(C(=O)CN2CCCCC2)c2ccccc21,1
O=C1Nc2cccnc2N(C(=O)CN2CCNCC2)c2ccccc21,1
O=C1Nc2cccnc2N(C2CC2)c2ncccc21,1
O=C1Nc2nc(Nc3ccc4c(c3)OCCO4)ncc2CN1c1ccccc1,1
O=C1OC(=O)C2C3C=CC(C3)C12,1
O=C1OC(=O)C2C3CCC(O3)C12,1
O=C1OC(=O)C2CC=CCC12,1
O=C1OC(=O)C2CCCC=C12,1
O=C1OC(=O)C2CCCCC12,1
O=C1OC(=O)[C@@H]2C1[C@@H]1C=C[C@H]2C1,1
O=C1OC(=O)c2cc(-c3ccc4c(c3)C(=O)OC4=O)ccc21,1
O=C1OC(=O)c2cc(Oc3ccc(Cc4ccc(Oc5ccc6c(c5)C(=O)OC6=O)cc4)cc3)ccc21,1
O=C1OC(=O)c2cccc3cccc1c23,1
O=C1OC(CCc2ccccc2)CC=C1Cc1cccc(NS(=O)(=O)c2ccccn2)c1,1
O=C1OC(CCc2ccccc2)CC=C1Sc1ccccc1,1
O=C1OC(CN2CCOCC2)CN1N=Cc1ccco1,1
O=C1OC(OC(=O)c2cccnc2Nc2ccccc2)c2ccccc21,1
O=C1OC(c2ccc(Oc3ccccc3)cc2)C(=O)N1Nc1ccccc1,1
O=C1OC2(C=C1c1ccccc1)CCCC2,1
O=C1OC2(C=C1c1ccccc1)CCCCC2,1
O=C1OC2(CCN1CC1CCOCC1)CCN(C1CCN(C(=O)c3cncnc3)CC1)CC2,1
O=C1OCC(c2ccccc2)=C1c1ccccc1,1
O=C1OCC2C(O[C@H]3CC[C@@H]4OC(c5cccs5)OC[C@H]4O3)c3cc4c(cc3[C@@H](c3ccccc3)[C@@H]12)OCO4,1
O=C1OCCC(=CNCc2cncnc2)S1,1
O=C1OCCCCCCCCCCc2ccccc21,1
O=C1OCCN1/N=C/c1ccco1,1
O=C1OCCN1Nc1ccccc1,1
O=C1OCCN1c1ccc(N2CCOCC2)cc1,1
O=C1OC[C@H](Cc2ccccc2)[C@H]1Cc1ccccc1,1
O=C1OC[C@H]2c3c(ccc4c3OCO4)[C@@H](SC[C@]13NCCc1ccccc13)[C@H]1[C@@H]3N[C@@H](Cc4ccccc43)CN12,1
O=C1OCc2ccccc21,1
O=C1O[C@@H]([C@H]2NCCc3cc4c(cc32)OCO4)c2ccccc21,1
O=C1O[C@@H](c2ccccc2)CN1CCCN1CCCCCC1,1
O=C1O[C@@H]2CCCO[C@H]2c2ccccc21,1
O=C1O[C@@H]2C[C@H]1C1C[C@H]3O[C@]34C(=O)O[C@H]2C14,1
O=C1O[C@H]2C[C@@H](CC=CCCC=CC=C3CO[C@@H]4CC=C[C@@H]1C34)O[C@@]1(CCCCO1)C2,1
O=C1O[C@H]2C[C@@H](CC=C[C@@H](O[C@H]3CC[C@@H](O[C@H]4CCCCO4)CO3)CC=CC=C3CO[C@@H]4CC=C[C@@H]1C34)O[C@@]1(C=CCCO1)C2.c1ccccc1,1
O=C1O[C@H]2C[C@@H](CC=C[C@@H](O[C@H]3CC[C@@H](O[C@H]4CCCCO4)CO3)CC=CC=C3CO[C@@H]4CC=C[C@@H]1C34)O[C@@]1(C=CC[C@@H](C3CCCCC3)O1)C2,1
O=C1O[C@H]2C[C@@H](CC=C[C@@H](O[C@H]3CC[C@@H](O[C@H]4CCCCO4)CO3)CC=CC=C3CO[C@@H]4CC=C[C@@H]1C34)O[C@@]1(CCCCO1)C2,1
O=C1SCC/C1=C\[C@H]1C[C@H]1C(=O)OCc1coc(Cc2ccccc2)c1,1
O=C1[C@@H](/N=C/N2CCCCCC2)[C@H]2SCCN12,1
O=C1[C@@H](Cc2c[nH]cn2)CCc2cc3ccccc3n21,1
O=C1[C@@H](N=CN2CCCCCC2)[C@H]2SCCN12,1
O=C1[C@@H](NCCCc2ccccc2)CCCN2CCCCN12,1
O=C1[C@@H]2[C@H]3CC[C@H](C3)[C@@H]2C(=O)N1CCCCN1CCN(c2ncccn2)CC1,1
O=C1[C@H](CCCc2ccccc2)[C@@H](c2ccccc2)N1c1ccccc1,1
O=C1[C@H]2CCCC[C@H]2C(=O)N1CCCCN1CCN(c2nsc3ccccc23)CC1,1
O=C1[N-]C(=O)C(c2ccccc2)(c2ccccc2)N1,1
O=C1[N-]C(=O)c2ccccc21,1
O=C1[N-]S(=O)(=O)c2ccccc21,1
O=C1[N-]S(=O)(=O)c2ccccc21.O=C1[N-]S(=O)(=O)c2ccccc21,1
O=C1[O][Pt]2([NH][C@@H]3CCCC[C@H]3[NH]2)[O]C1=O,1
O=C1[O][Pt][O]C(=O)C12CCC2,1
O=C1[O][Sb]2[O]CC3[O][Sb]([O]CC1[O]2)[O]C3=O,1
O=C1c2c([nH]c3ccccc23)CCC1Cn1ccnc1,1
O=C1c2c([nH]c3ccccc23)CCN1Cc1cnc[nH]1,1
O=C1c2cc3ccc(O[C@H]4C[C@@H](O[C@@H]5CCCCO5)CCO4)cc3cc2CC[C@@H]1O[C@H]1C[C@@H](O[C@H]2C[C@@H](O[C@H]3CCCCO3)CCO2)CCO1,1
O=C1c2cc3ccc(O[C@H]4C[C@@H](O[C@H]5CCCCO5)CCO4)cc3cc2CC[C@@H]1O[C@H]1C[C@@H](O[C@H]2C[C@@H](O[C@H]3CCCCO3)CCO2)CCO1,1
O=C1c2cc[nH]c2CCC1CN1CCOCC1,1
O=C1c2ccc3c(c2O[C@@H]2COc4ccccc4[C@H]12)CCO3,1
O=C1c2cccc3c2[C@H](CCC3)CN1[C@@H]1CN2CCC1CC2,1
O=C1c2ccccc2-c2n[nH]c3cccc1c23,1
O=C1c2ccccc2-n2cncc2[C@@H]2CCCN12,1
O=C1c2ccccc2C(=O)N1CCc1noc(-c2ccc(CN3CCCCCC3)s2)n1,1
O=C1c2ccccc2C(=O)N1SC1CCCCC1,1
O=C1c2ccccc2C(=O)N1c1ccccc1,1
O=C1c2ccccc2C(=O)c2cc([C@H]3CCCCO3)ccc21,1
O=C1c2ccccc2C(=O)c2cc3c(cc21)CCCC3OC1CC(N2CCOCC2)CCO1,1
O=C1c2ccccc2C(=O)c2cc3c(cc21)CCC[C@@H]3O[C@H]1CC[C@H](O[C@@H]2CCCCO2)CO1,1
O=C1c2ccccc2C([C@H]2CCCCO2)c2ccccc21,1
O=C1c2ccccc2C2=Nc3ccccc3CN12,1
O=C1c2ccccc2CC1CC1CCN(Cc2ccccc2)CC1,1
O=C1c2ccccc2CCc2ccccc21,1
O=C1c2ccccc2CN1C1CCCCC1,1
O=C1c2ccccc2CN2C(=O)c3ccccc3CN12,1
O=C1c2ccccc2COc2ccccc21,1
O=C1c2ccccc2NCN1c1ccccc1,1
O=C1c2ccccc2S(=O)(=O)N1CCCCN1CCN(c2ncccn2)CC1,1
O=C1c2ccccc2S(=O)(=O)N1COc1cc(=O)n2cccc(OCCN3CCCCC3)c2n1,1
O=C1c2ccccc2[C@H]([C@H]2c3ccccc3C(=O)c3c(O[C@H]4CCCCO4)cccc32)c2cccc(O[C@H]3CCCCO3)c21,1
O=P(N1CC1)(N1CC1)N1CC1,1
O=P(c1ccccc1)(c1ccccc1)c1ccccc1,1
O=S(=O)(CCc1ccc2[nH]cc(C[C@H]3CCCN3)c2c1)c1ccccc1,1
O=S(=O)(Cc1ccc2[nH]ccc2c1)N1CCCC1,1
O=S(=O)(Cc1ccccc1)c1ccccc1N1CCC(c2ccccc2)CC1,1
O=S(=O)(NC1CCCC1)c1ccc(Oc2ccccc2)cc1,1
O=S(=O)(NC1CCOCC1)c1ccc(Oc2ccccc2)cc1,1
O=S(=O)(NCC1CCCO1)c1ccccc1,1
O=S(=O)(NCCNS(=O)(=O)c1ccccc1)c1ccccc1,1
O=S(=O)(NCC[n+]1ccccc1)c1ccccc1N=Nc1ccccc1,1
O=S(=O)(NCCc1ccccc1)c1ccccc1,1
O=S(=O)(NCCc1cccs1)c1ccccc1,1
O=S(=O)(NCc1ccccc1)c1ccccc1,1
O=S(=O)(N[C@@H]1CCc2[nH]c3ccccc3c2C1)c1ccccc1,1
O=S(=O)(Nc1ccccc1)c1nc2ncccn2n1,1
O=S(=O)(Nc1ccccn1)c1ccc(/N=N/c2ccccc2)cc1,1
O=S(=O)(Nc1ccccn1)c1ccccc1,1
O=S(=O)(Nc1ccnn1-c1ccccc1)c1ccccc1,1
O=S(=O)(Nc1cnc2ccccc2n1)c1ccccc1,1
O=S(=O)(Nc1cnccn1)c1ccccc1,1
O=S(=O)(Nc1nc(-c2ncccn2)ncc1Oc1ccccc1)c1ccccc1,1
O=S(=O)(Nc1nc2ccncn2n1)c1ccccc1,1
O=S(=O)(Oc1ccc(N=Nc2ccc(-c3ccc(N=Nc4cccc5ccccc45)cc3)cc2)cc1)c1ccccc1,1
O=S(=O)(c1cccc2cnccc12)N1CCCNCC1,1
O=S(Cc1ccccn1)c1nc2ncccc2[nH]1,1
O=S(c1ccccc1)c1ccc2[nH]cnc2c1,1
O=S(c1ccccc1)c1ccccc1,1
O=S(c1nc2ccccc2[nH]1)C1CCCCc2cccnc21,1
O=S1(=O)C=CS(=O)(=O)CC1,1
O=S1(=O)CC=CC1,1
O=S1(=O)CCCCN1c1ccccc1,1
O=S1(=O)CCCO1,1
O=S1(=O)CCCc2ccccc21,1
O=S1(=O)CCN(N=Cc2ccco2)CC1,1
O=S1(=O)NC(C2CC3C=CC2C3)Nc2ccccc21,1
O=S1(=O)NC(CC2CCCC2)Nc2ccccc21,1
O=S1(=O)NC(CSCc2ccccc2)=Nc2ccccc21,1
O=S1(=O)NCCc2ccsc21,1
O=S1(=O)OCC2C3C=CC(C3)C2CO1,1
O=S1(=O)OCCO1,1
O=S1(=O)c2cccc3cccc(c23)N1CCCN1CCN(c2ccccc2)CC1,1
O=S1(=O)c2ccccc2C(c2ccc3c(c2)OCO3)=CN1c1ccccc1,1
O=S1(=O)c2ccccc2Nc2ccccc21,1
O=S1OCC2C3C=CC(C3)C2CO1,1
O=S1OCCO1,1
O=S1OC[C@@H]2C3C=CC(C3)[C@@H]2CO1,1
O=[PH](OC[C@@H]1CC[C@H](n2cnc3cncnc32)O1)O[PH](=O)OC[C@@H]1CC[C@H]([n+]2ccccc2)O1,1
O=[PH](OCc1ccccc1)OCc1ccccc1,1
O=[PH](Sc1ccccc1)Sc1ccccc1,1
O=[PH](c1ccccc1)c1ccccc1,1
O=[PH]1Oc2ccccc2-c2ccccc21,1
O=c1[n-]c(=O)[nH]c(=O)[nH]1,1
O=c1[n-]c2[nH]c(=O)[nH]c(=O)c2[nH]1,1
O=c1[nH]/c(=N/c2ccccc2)cc2n1CCc1ccccc1-2,1
O=c1[nH][nH]c(=O)c2ccccc12,1
O=c1[nH][nH]c2ccccc12,1
O=c1[nH]c(-c2cccc(S(=O)(=O)N3CCNCC3)c2)nc2cn(Cc3ccccn3)nc12,1
O=c1[nH]c(-c2cccc(S(=O)(=O)N3CCNCC3)c2)nc2cn[nH]c12,1
O=c1[nH]c(-c2ccccc2)nc2[nH]nnc12,1
O=c1[nH]c(=O)c2[nH]c(/C=C/c3ccccc3)nc2[nH]1,1
O=c1[nH]c(=O)c2[nH]c(=O)[nH]c2[nH]1,1
O=c1[nH]c(=O)c2[nH]c(Cc3ccccc3)nc2[nH]1,1
O=c1[nH]c(=O)c2[nH]cnc2[nH]1.c1ccncc1,1
O=c1[nH]c(=O)c2c(ncn2CC2OCCO2)[nH]1,1
O=c1[nH]c(=O)c2c(ncn2CCNCCc2ccccc2)[nH]1,1
O=c1[nH]c(=O)c2c[nH]nc2[nH]1,1
O=c1[nH]c(=O)c2ccccc2o1,1
O=c1[nH]c(=O)n(-c2ccc(Oc3ccccc3)cc2)c(=O)[nH]1,1
O=c1[nH]c(=O)n(Cc2ccco2)c2nc[nH]c12,1
O=c1[nH]c(CC2CCCCC2)no1,1
O=c1[nH]c2c(sc3ncc(-c4ccccc4)nc32)c(=O)n1CCCCN1C[C@@H]2COc3ccccc3[C@@H]2C1,1
O=c1[nH]c2ccc(N3CCOCC3)cc2[nH]c1=O,1
O=c1[nH]c2ccc(S(=O)CCN3CCC(Cc4ccccc4)CC3)cc2o1,1
O=c1[nH]c2cccc(-n3cnnc3-c3ccc[nH+]c3)c2[nH]c1=O,1
O=c1[nH]c2ccccc2[nH]1,1
O=c1[nH]c2ccccc2c(=O)n1Cc1ccccc1,1
O=c1[nH]c2ccccc2c(=O)o1,1
O=c1[nH]c2ccccc2n1C1CCN(CC2OCc3ccccc3-n3cccc32)CC1,1
O=c1[nH]c2ccccc2n1C1CCN(CCCC(c2ccccc2)c2ccccc2)CC1,1
O=c1[nH]c2ccccc2n1CCCN1CCC(n2c(=O)[nH]c3ccccc32)CC1,1
O=c1[nH]c2ccccc2n1CCCN1CCN(C(c2ccccc2)c2ccccc2)CC1,1
O=c1[nH]c2ccccc2nc1Cc1ccccc1,1
O=c1[nH]c2ccccc2s1,1
O=c1[nH]c2ncccc2o1,1
O=c1[nH]cnc2c1[nH]c(=O)n2[C@H]1CCCO1,1
O=c1[nH]cnc2c1ncn2[C@H]1CCCO1,1
O=c1[nH]cnc2ccc(CNc3cccs3)cc12,1
O=c1[nH]cnc2cccc(Sc3ccncc3)c12,1
O=c1[nH]cnc2ccccc12,1
O=c1[nH]cnc2nc[nH]c12,1
O=c1[nH]cnnc1-c1ccccc1,1
O=c1[nH]nc2c3cc(-c4ccccc4)c(-c4ccc(C5CCC5)cc4)nc3ccn12,1
O=c1[nH]ncc2ccccc12,1
O=c1[nH]ncn1-c1ccc(N2CCN(c3ccc(OCC4CO[C@@](Cn5cncn5)(c5ccccc5)C4)cc3)CC2)cc1,1
O=c1[nH]ncn1-c1ccc(N2CCN(c3ccc(OC[C@H]4CO[C@](Cn5cncn5)(c5ccccc5)O4)cc3)CC2)cc1,1
O=c1[nH]ncs1,1
O=c1[nH]nnc2cncn12,1
O=c1[nH]nnn1CCN1CCC(Nc2ccccc2)CC1,1
O=c1[nH]oc2c1CCNC2,1
O=c1c(-c2ccccc2)c1-c1ccccc1,1
O=c1c(-c2ccccc2)c[nH]cc1-c1ccccc1,1
O=c1c(-c2nnn[n-]2)cnc2ccccn12,1
O=c1c(/N=N/c2ccccc2)c[nH]n1-c1ccccc1,1
O=c1c(CCN2CCC(=C(c3ccccc3)c3ccccc3)CC2)cnc2sccn12,1
O=c1c2ccccc2[nH]c2ccccc12,1
O=c1c2ccccc2[se]n1-c1ccccc1,1
O=c1c2ccccc2c(=O)c2c1ccc1[nH]c3c(ccc4c(=O)c5ccccc5c(=O)c43)[nH]c12,1
O=c1c2ccccc2c(Cc2ccccc2)nn1C1CCCNCC1,1
O=c1c2ccccc2cnn1Cc1ccccc1,1
O=c1c2ccccc2oc2ccccc12,1
O=c1c2ccccc2oc2ncccc12,1
O=c1c2sccsc=2c(=O)c2ccccc12,1
O=c1cc(-c2ccccc2)[nH]cn1,1
O=c1cc(-c2ccccc2)oc2c(C3CCNCC3)cccc12,1
O=c1cc(-c2ccccc2)oc2cc(O[C@H]3CCC[C@@H](CO[C@H]4CCCCO4)O3)ccc12,1
O=c1cc(-c2ccccc2)oc2ccc3ccccc3c12,1
O=c1cc(CCN2CCN(c3nccc4sccc34)CC2)c2ccccc2[nH]1,1
O=c1cc(CNCCc2ccccc2)[nH]n1-c1ccccc1,1
O=c1cc(N2CCOCC2)cn[nH]1,1
O=c1cc(NC/C=C\COc2cc(CN3CCCCC3)ccn2)c1=O,1
O=c1cc(NCCCN2CCN(c3ccccc3)CC2)[nH]c(=O)[nH]1,1
O=c1cc(NCCNCCCc2ccccc2)[nH]c(=O)[nH]1,1
O=c1cc(Oc2ccccc2)c2cncnc2[nH]1,1
O=c1cc(SCc2ccccc2)cn[nH]1,1
O=c1cc2n(c3cc(N4CCNCC4)ccc13)CS2,1
O=c1cc2oc3ccccc3nc-2c2cccnc12,1
O=c1cc[nH]c(=O)n1-c1ccccc1,1
O=c1cc[nH]c2cc(OCc3ccccc3)ccc12,1
O=c1cc[nH]c2cc3c(cc12)OCO3,1
O=c1cc[nH]c2cc3occc(=O)c3cc12,1
O=c1cc[nH]c2ccccc12,1
O=c1cc[nH]c2nc(N3CCCC3)ncc12,1
O=c1cc[nH]c2nc(N3CCNCC3)ccc12,1
O=c1cc[nH]c2nc(N3CCNCC3)ncc12,1
O=c1cc[nH]c2ncccc12,1
O=c1cc[nH]cc1,1
O=c1ccc(-c2ccc3nccn3c2)c[nH]1,1
O=c1ccc(-c2ccccc2)n[nH]1,1
O=c1ccc(=O)[nH][nH]1,1
O=c1ccc([C@H]2CCC3C2CC[C@@H]2C4CC[C@H](O[C@H]5CCCCO5)C=C4CC[C@@H]32)co1,1
O=c1ccc([C@H]2C[C@H]3O[C@@]34C2CC[C@@H]2C3CCCC[C@H]3CC[C@H]24)co1,1
O=c1ccc1=O,1
O=c1ccc2cc(OCCCNCc3ccccc3)ccc2[nH]1,1
O=c1ccc2cc(O[C@H]3CCCCO3)ccc2o1,1
O=c1ccc2ccc(O[C@H]3CCCCS3)cc2o1,1
O=c1ccc2ccccc2[nH]1,1
O=c1cccc(/C=C/c2ccccc2)o1,1
O=c1cccc(C2CCCCC2)[nH]1,1
O=c1cccc2c(c1)CCCc1cc(O[C@H]3CCCCO3)ccc1-2,1
O=c1cccc[nH]1,1
O=c1cccccc1,1
O=c1ccccn1-c1ccccc1,1
O=c1cccco1,1
O=c1ccn(-c2ccccc2)c2ccc(Nc3ccccc3)cc12,1
O=c1ccn(-c2ccccc2)c2nc(N3CCCC3)ccc12,1
O=c1ccn(C2CC2)c2cc(-c3ccc4c(c3)CNC4)ccc12,1
O=c1ccn(C2CC2)c2cc(N3CCC4(CC4)C3)ccc12,1
O=c1ccn(C2CC2)c2cc(N3CCCCC3)ccc12,1
O=c1ccn(C2CC2)c2cc(N3C[C@@H]4CCCN[C@@H]4C3)ccc12,1
O=c1ccn(C2CC2)c2cc(N3C[C@@H]4C[C@H]3CN4)ccc12,1
O=c1ccn(C2CC2)c2ccccc12,1
O=c1ccn(C2CCCO2)c(=O)[nH]1,1
O=c1ccn([C@@H]2CCCO2)c(=O)[nH]1,1
O=c1ccn([C@H]2C=CCO2)c(=O)[nH]1,1
O=c1ccn2c3c(c(C4CC4)ccc13)OCC2,1
O=c1ccn2c3c(c(N4CCCCC4)ccc13)CCC2,1
O=c1ccn2c3c(c(N4CCNCC4)ccc13)OCC2,1
O=c1ccn2c3c(c(N4CCNCC4)ccc13)OCN2,1
O=c1ccn2c3c(c(N4CCNCC4)ccc13)SCC2,1
O=c1ccnc(NC2CCN(c3nc4ccccc4n3Cc3ccccc3)CC2)[nH]1,1
O=c1cco[nH]1,1
O=c1ccoc2cc3occc3cc12,1
O=c1ccoc2ccc(Oc3ccccc3)cc12,1
O=c1ccss1,1
O=c1cn[nH]c(=S)[nH]1,1
O=c1cn[nH]c2cc3c(cc12)OCO3,1
O=c1cnn(-c2ccc(Cc3ccccc3)cc2)c(=O)[nH]1,1
O=c1cnn([C@H]2CCCO2)c(=O)[nH]1,1
O=c1cnnc[nH]1,1
O=c1n(CC2CO2)c(=O)n(CC2CO2)c(=O)n1CC1CO1,1
O=c1n(CCCN2CCN(c3ccccc3)CC2)nc2ccccn12,1
O=c1n(CCOc2ccccc2)cnn1CCCN1CCN(c2ccccc2)CC1,1
O=c1n(Cc2ccccc2)c(=O)n(Cc2ccccc2)c(=O)n1Cc1ccccc1,1
O=c1nc(-c2cccc(S(=O)(=O)N3CCNCC3)c2)[nH]n2cncc12,1
O=c1nc(NS(=O)(=O)c2ccccc2)cc[nH]1,1
O=c1nc[nH]c(=O)[nH]1,1
O=c1nc[nH]c(=O)n1C1CCCCC1,1
O=c1nc[nH]c2[nH]cc(CCc3ccccc3)c12,1
O=c1nc[nH]c2c1NC(CNc1ccccc1)CN2,1
O=c1nc[nH]c2ncc(CNc3ccccc3)nc12,1
O=c1ncccn1C1COCO1,1
O=c1ncccn1[C@@H]1CSCO1,1
O=c1ncccn1[C@H]1CSCO1,1
O=c1nccnn1[C@H]1CCCO1,1
O=c1nn[nH]c2ccccc12,1
O=c1oc(=O)c2cc3c(=O)oc(=O)c3cc12,1
O=c1oc2cccc3c(=O)oc4cccc1c4c23,1
O=c1oc2ccccc2c2oc3ccccc3c12,1
O=c1oc2ccccc2cc1C(CCc1ccc(-c2ccccc2)cc1)c1ccccc1,1
O=c1oc2ccccc2cc1C1CCCc2ccccc21,1
O=c1oc2ccccc2s1,1
O=c1occ(CN2CCN(c3ccc4c(=O)cc5n(c4c3)CS5)CC2)o1,1
O=c1ocnc2ccccc12,1
O=c1ocnn1-c1ccccc1,1
O=c1s/c(=N\c2ccccc2)n2n1CCCC2,1
O=c1sc2ccccc2cc1C1CC(c2ccc(-c3ccccc3)cc2)Cc2ccccc21,1
S=C(NC1CCCCC1)NC1CCCCC1,1
S=C(Nc1ccccc1)Oc1ccc2c(c1)C1CCC2C1,1
S=C(Nc1ccccc1)Oc1ccc2c(c1)CCC2,1
S=C(Nc1ccccc1)Oc1ccc2ccccc2c1,1
S=C(Nc1ccccn1)Oc1ccc2c(c1)CCCC2,1
S=C(SSC(=S)N1CCCCC1)N1CCCCC1,1
S=C(SSSSSSC(=S)N1CCCCC1)N1CCCCC1,1
S=C1CN=C(c2ccccc2)c2ccccc2N1,1
S=C1NC(c2ccccc2)N2C(=S)NC(c3ccccc3)N12,1
S=C1NC=NC2N=CNC12,1
S=C1NCCN1,1
S=C1NCNCS1,1
S=C1SCN(Cc2ccccc2)CN1Cc1ccccc1,1
S=P(N1CC1)(N1CC1)N1CC1,1
S=c1[nH]c2ccccc2[nH]1,1
S=c1[nH]cnc2[nH]cnc12,1
S=c1[nH]cnc2nc[nH]c12,1
S=c1cc(-c2ccccc2)ss1,1
S=c1nc[nH][nH]1,1
S=c1nccc[nH]1,1
S=c1scc(-c2ccccc2)n1/N=C/c1ccccc1,1
[C-]1=CCC=C1,1
[N+]=C1C=CC(=C(c2ccccc2)c2ccccc2)C=C1.[N+]=C1C=CC(=C(c2ccccc2)c2ccccc2)C=C1,1
[N+]=C1C=Cc2ccccc2C1=O,1
c1[nH]nc2c1CCCC2,1
c1[nH]nc2c1C[C@H]1NCCC[C@@H]1C2,1
c1c2c(nc3c1CCC3)CCCC2,1
c1c[nH+]ccn1,1
c1cc(-c2ccc3ccccc3c2)cc(C23CC4CC(CC(C4)C2)C3)c1,1
c1cc(-c2ccncc2)ccn1,1
c1cc(C(c2ccc(OCC3CO3)cc2)c2ccc(OCC3CO3)cc2)ccc1OCC1CO1,1
c1cc(CCCOc2ccc(-c3ncon3)cc2)on1,1
c1cc(CCCc2ccncc2)ccn1,1
c1cc(CN2CCCCC2)cc(OCCCNc2nc3ccccc3s2)c1,1
c1cc(N(CC2CO2)CC2CO2)ccc1Cc1ccc(N(CC2CO2)CC2CO2)cc1,1
c1cc(N(CC2CO2)CC2CO2)ccc1OCC1CO1,1
c1cc(N2CCCCC2)nc[nH+]1,1
c1cc(N2CCN(c3ncncn3)CC2)ncn1,1
c1cc(NC2=NCCN2)c2nsnc2c1,1
c1cc(OCC2CO2)cc(OCC2CO2)c1,1
c1cc(SSc2ccoc2)co1,1
c1cc(Sc2ccc(-n3ccnc3)cc2)cc(C2CCOCC2)c1,1
c1cc2c(c(-c3cc[nH]c3)c1)OCO2,1
c1cc2c(c(N3CCNCC3)c1)OCCO2,1
c1cc2c(c(NC3=NCCN3)c1)CCCC2,1
c1cc2c(c3c1CCC3)CCO2,1
c1cc2c(c[nH+]c3c4cc5c(cc4ccc23)OCO5)c2c1OCO2,1
c1cc2c(cc1OC1CCCC1)CC[C@@H]1[C@@H]2CCC2CCC[C@H]21,1
c1cc2c(o1)CCCC2,1
c1cc2c3c(c1)O[C@H]1C4CCC5(CC4)[C@@H](C2)N(CC2CC2)CC[C@]315,1
c1cc2c3c(c1)O[C@H]1CCCC4[C@@H](C2)N(CC2CCC2)CC[C@@]341,1
c1cc2c3c(c1)O[C@H]1CCC[C@H]4[C@@H](C2)NCC[C@]314,1
c1cc2c3c(c1)ccc1cccc(c13)C2,1
c1cc2c3c(c4ccc5ccccc5c4cc3c1)CC2,1
c1cc2cc(c1)Oc1ccc(cc1)C[C@@H]1NCCc3cc4c(c(c31)Oc1ccc3c(c1)[C@@H](C2)NCC3)OCO4,1
c1cc2cc(c1)Oc1ccc3c(c1)[C@H](Cc1ccc(cc1)Oc1cccc4c1[C@@H](C2)[NH2+]CC4)NCC3,1
c1cc2cc(c1)Oc1ccc3c(c1)[C@H](Cc1ccc(cc1)Oc1cccc4c1[C@@H](C2)[NH2+]CC4)[NH2+]CC3,1
c1cc2ccc3ccc4ccc5cccc6c(c1)c2c3c4c56,1
c1cc2cnn(C3CCCCC3)c2cc1C1CCCCC1,1
c1cc[c]([Bi]([c]2ccccc2)[c]2ccccc2)cc1,1
c1cc[c]([Hg][c]2ccccc2)cc1,1
c1cc[c]2c(c1)[O][Hg]2,1
c1cc[n+](Cc2cncnc2)cc1,1
c1cc[n+]2c(c1)-c1cccc[n+]1CC2,1
c1cc[nH]c1,1
c1ccc(-c2[nH+]c3ccccc3c3ccccc23)cc1,1
c1ccc(-c2c[nH]cn2)cc1,1
c1ccc(-c2cc(-c3ccccc3)[nH+][nH]2)cc1,1
c1ccc(-c2cc(C3CC3)nc3ccccc23)cc1.c1ccc(-c2cc(C3CC3)nc3ccccc23)cc1,1
c1ccc(-c2cc(N3CCNCC3)nc3c2CCCCCC3)cc1,1
c1ccc(-c2cc3ccccc3n2Cc2ccc(OCCN3CCCCCC3)cc2)cc1,1
c1ccc(-c2cc[nH]c2)cc1,1
c1ccc(-c2cc[nH]n2)cc1,1
c1ccc(-c2ccc(-c3ccccc3)cc2)cc1,1
c1ccc(-c2ccc(C(c3ccccc3)n3ccnc3)cc2)cc1,1
c1ccc(-c2ccc(CO[C@H]3CC[C@H](N4CCCCC4)C3)cc2)cc1,1
c1ccc(-c2ccc(C[C@H]3COc4cc(C5CCCC5)ccc4C3)cc2)cc1,1
c1ccc(-c2ccc(Cn3cnc4ccc(-c5nc6ccccc6[nH]5)cc43)cc2)cc1,1
c1ccc(-c2ccc(NCCN3CCOCC3)nn2)cc1,1
c1ccc(-c2ccc[nH]2)cc1,1
c1ccc(-c2cccc(-c3ccccc3)c2)cc1,1
c1ccc(-c2cccc(-c3cnc4nccnn34)c2)cc1,1
c1ccc(-c2cccc(-c3nc[n-]n3)c2)cc1,1
c1ccc(-c2ccccc2-c2nnn[nH]2)cc1,1
c1ccc(-c2ccccn2)nc1,1
c1ccc(-c2cccnc2-c2cccnc2)cc1,1
c1ccc(-c2ccn(-c3ccccc3)n2)cc1,1
c1ccc(-c2ccnc3ccnn23)cc1,1
c1ccc(-c2ccncc2)cc1,1
c1ccc(-c2ccno2)cc1,1
c1ccc(-c2cnc3ncncc3n2)cc1,1
c1ccc(-c2cncnn2)cc1,1
c1ccc(-c2cncs2)cc1,1
c1ccc(-c2csc(-c3ccccc3)n2)cc1,1
c1ccc(-c2nc(-c3ccc[nH]3)sc2-c2ccccc2)cc1,1
c1ccc(-c2nc(-c3ccccc3)n(-c3ccccc3)n2)cc1,1
c1ccc(-c2nc(-c3ccncc3)no2)cc1,1
c1ccc(-c2nc(CCOc3cccc4[nH]ccc34)co2)cc1,1
c1ccc(-c2nc3ccccc3[nH]2)cc1,1
c1ccc(-c2nc3ncccc3[nH]2)cc1,1
c1ccc(-c2nc[nH]c2-c2ccccc2)cc1,1
c1ccc(-c2ncco2)cc1,1
c1ccc(-c2ncoc2-c2ccc3nncn3c2)cc1,1
c1ccc(-c2ncoc2-c2ccccc2)cc1,1
c1ccc(-c2ncon2)cc1,1
c1ccc(-c2nnc(-c3ccccc3)nn2)cc1,1
c1ccc(-c2nnco2)cc1,1
c1ccc(-c2nnn[n-]2)c(-c2ccc(Cn3cnc4cccnc43)cc2)c1,1
c1ccc(-c2nnn[nH]2)c(-c2ccc(Cn3ccnc3)cc2)c1,1
c1ccc(-c2nnn[nH]2)c(-c2ccc(Cn3cnc4ccccc43)cc2)c1,1
c1ccc(-c2noc(-c3ccccc3)n2)cc1,1
c1ccc(-c2ocnc2C2CCCCC2)cc1,1
c1ccc(-n2cnnn2)cc1,1
c1ccc(/N=N/c2ccc(-c3ccc(/N=N/c4ccc5ccc(/N=N/c6ccccc6)cc5c4)cc3)cc2)cc1,1
c1ccc(/N=N/c2ccc(/N=N/c3cccc4ccccc34)cc2)cc1,1
c1ccc(/N=N/c2ccc(/N=N/c3ccccc3)cc2)cc1,1
c1ccc(/N=N/c2ccc3ccccc3c2)cc1,1
c1ccc(/N=N\c2ccccc2)cc1,1
c1ccc(B(c2ccccc2)c2ccccc2)cc1,1
c1ccc(C(=C2CCCCC2)c2ccccc2)cc1,1
c1ccc(C(=C2CC[NH2+]C2)c2ccccc2)cc1,1
c1ccc(C(=C2CC[NH2+]CC2)c2ccccc2)cc1,1
c1ccc(C(CCCN2CCCCC2)c2ccccc2)cc1,1
c1ccc(C(CCCN2CCCCC2)c2ccccn2)cc1,1
c1ccc(C(CCCN2CCNCC2)c2ccccc2)cc1,1
c1ccc(C(CCN2CCCC2)C2CCCCC2)cc1,1
c1ccc(C(CCN2CCCCC2)C2CCCCC2)cc1,1
c1ccc(C(CCN2CCCCC2)c2ccccc2)cc1,1
c1ccc(C(CC[NH+]2CCCCC2)c2ccccc2)cc1,1
c1ccc(C(CN2CC[NH2+]CC2)C2CCCCC2)cc1,1
c1ccc(C(Cc2ccncn2)Cn2cncn2)cc1,1
c1ccc(C(Cn2ccnc2)OCc2ccsc2)cc1,1
c1ccc(C(Cn2ccnc2)OCc2csc3ccccc23)cc1,1
c1ccc(C(Cn2cncn2)c2ccccc2)cc1,1
c1ccc(C(OC2CC3CCC(C2)N3)c2ccccc2)cc1,1
c1ccc(C(OC2CCNCC2)c2ccccc2)cc1,1
c1ccc(C(OCCN2CCCCC2)c2ccccc2)cc1,1
c1ccc(C(OCC[C@H]2CCCN2)c2ccccc2)cc1,1
c1ccc(C(O[C@@H]2CCCN(CCc3ccc4c(c3)OCO4)C2)c2ccccc2)cc1,1
c1ccc(C(O[C@H]2CCCN(CCc3ccc4c(c3)OCO4)C2)c2ccccc2)cc1,1
c1ccc(C(O[C@H]2C[C@H]3CC[C@@H](C2)N3)c2ccccc2)cc1,1
c1ccc(C(c2ccc3nc[nH]c3c2)n2ccnc2)cc1,1
c1ccc(C(c2ccccc2)(c2ccccc2)n2ccnc2)cc1,1
c1ccc(C(c2ccccc2)C2CCNCC2)cc1,1
c1ccc(C(c2ccccc2)C2CN3CCC2CC3)cc1,1
c1ccc(C(c2ccccc2)N2CCCNCC2)cc1,1
c1ccc(C(c2ccccc2)N2CCN(c3ncncn3)CC2)cc1,1
c1ccc(C(c2ccccc2)[C@@H]2CCN(CCc3ccc4c(c3)CCO4)C2)cc1,1
c1ccc(C(c2ccccc2)c2ccccn2)cc1,1
c1ccc(C(c2ccccc2)c2cccnc2)cc1,1
c1ccc(C(c2ccccc2)n2cncn2)cc1,1
c1ccc(C(c2cncnc2)C2CC2)cc1,1
c1ccc(C2(C3CCCCC3)OCC(C[NH+]3CCCCC3)O2)cc1,1
c1ccc(C2(c3ccccc3)CC2C2=NCCN2)cc1,1
c1ccc(C2(c3ccccc3)CC3CC2C2CCCC32)cc1,1
c1ccc(C2(c3ccccc3)OCC(C[NH+]3CCCCC3)O2)cc1,1
c1ccc(C2(c3ccccc3)c3ccccc3-c3ccccc32)cc1,1
c1ccc(C2=NC(c3ccccc3)CO2)cc1,1
c1ccc(C2=NC3c4ccccc4CC3S2)cc1,1
c1ccc(C2=NCCNc3ccccc32)cc1,1
c1ccc(C2=NCc3cncn3-c3ccccc32)cc1,1
c1ccc(C2=Nc3c[nH]nc3Nc3ccccc32)cc1,1
c1ccc(C2CC2)c(OCC2=NCCN2)c1,1
c1ccc(C2CCC(N3CCC(c4ccccc4)CC3)CC2)cc1,1
c1ccc(C2CCC2)cc1,1
c1ccc(C2CCCCNC2)cc1,1
c1ccc(C2CCCc3ccccc32)cc1,1
c1ccc(C2CCCc3cncn32)cc1,1
c1ccc(C2CCN(CCCC(c3ccccc3)c3ccccc3)CC2)cc1,1
c1ccc(C2CCN([C@@H]3COc4ccccc4C3)CC2)cc1,1
c1ccc(C2CN3CCSC3=N2)cc1,1
c1ccc(C2CNCCO2)cc1,1
c1ccc(C2CNCCc3ccccc32)cc1,1
c1ccc(C2CNCc3ccccc32)cc1,1
c1ccc(C2Cc3ccccc3O2)cc1,1
c1ccc(C2OC2(Cn2cncn2)c2ccccc2)cc1,1
c1ccc(C2OCCNCc3ccccc32)cc1,1
c1ccc(C2OCCO2)cc1,1
c1ccc(C2OCc3ccccc32)cc1,1
c1ccc(CC(c2ccccc2)c2ccccc2)cc1,1
c1ccc(CC2CCCC2)cc1,1
c1ccc(CC2CCCCCC2)cc1,1
c1ccc(CC2CCCCN2)cc1,1
c1ccc(CCC(Cn2ccnc2)Sc2ccccc2)cc1,1
c1ccc(CCC(Cn2cncn2)c2ccccc2)cc1,1
c1ccc(CCC2CO2)cc1,1
c1ccc(CCCCNCc2ccc(-c3ccccn3)cc2)cc1,1
c1ccc(CCCCOCCCCCCNCCc2ccccc2)cc1,1
c1ccc(CCCCOCCCCCCNCCc2ccccc2)cc1.c1ccc2ccccc2c1,1
c1ccc(CCCCn2cncn2)cc1,1
c1ccc(CCCN2CCN(CCOC(c3ccccc3)c3ccccc3)CC2)cc1,1
c1ccc(CCCNCCCc2ccccc2)cc1,1
c1ccc(CCCNCc2cccc3ccccc23)cc1,1
c1ccc(CCCOc2cccc3ccccc23)cc1,1
c1ccc(CCCc2ccccn2)cc1,1
c1ccc(CCCc2ccncc2)cc1,1
c1ccc(CCN2CCC(Nc3nc4ccccc4n3Cc3ccccc3)CC2)cc1,1
c1ccc(CCN2CCC(c3nc4ccccc4[nH]3)CC2)cc1,1
c1ccc(CCN2CCC3C[C@@H]2Cc2ccccc23)cc1,1
c1ccc(CCN2CCC3C[C@H]2Cc2ccccc23)cc1,1
c1ccc(CCNC2CCc3ccccc3C2)cc1,1
c1ccc(CCNCCC(c2ccccc2)c2ccccc2)cc1,1
c1ccc(CCNCCCOc2ccccc2)cc1,1
c1ccc(CCNCCOC(c2ccccc2)c2ccccc2)cc1,1
c1ccc(CCNCCc2cscn2)cc1,1
c1ccc(CCNCc2ccccc2)cc1,1
c1ccc(CCNCc2ccco2)cc1,1
c1ccc(CCNc2ccccc2)cc1,1
c1ccc(CCNc2nc(-c3ccccc3)cs2)cc1,1
c1ccc(CCOCC2CC2)cc1,1
c1ccc(CCOCc2cccc(Oc3ccccc3)c2)cc1,1
c1ccc(CCO[C@H]2CCCCO2)cc1,1
c1ccc(CCO[C@H]2CC[C@H](Nc3[nH]cnc4nncc3-4)CC2)cc1,1
c1ccc(CCOc2ccccc2)cc1,1
c1ccc(CCOc2ncnc3ccccc23)cc1,1
c1ccc(CCc2cc3c(s2)-n2cnnc2CN=C3c2ccccc2)cc1,1
c1ccc(CCc2ccccc2)cc1.c1ccc2ccccc2c1,1
c1ccc(CCc2cnc3ncncc3n2)cc1,1
c1ccc(CCn2ccnc2)cc1,1
c1ccc(CN(CC2=NCCN2)c2ccccc2)cc1,1
c1ccc(CN(CCN2CCCC2)c2ccccc2)cc1,1
c1ccc(CN(Cc2ccccc2)Cc2ccccc2)cc1,1
c1ccc(CN(c2ccccc2)C2CCNCC2)cc1,1
c1ccc(CN2CCC(Nc3ccccc3)CC2)cc1,1
c1ccc(CN2CCc3ccsc3C2)cc1,1
c1ccc(CNCCC(c2ccccc2)c2ccccc2)cc1,1
c1ccc(CNCCNCc2ccccc2)cc1,1
c1ccc(CNCCOc2ccccc2)cc1,1
c1ccc(CNCc2cccc3ccccc23)cc1,1
c1ccc(CN[C@H]2CCCN[C@H]2c2ccccc2)cc1,1
c1ccc(CN[C@H]2CCNc3ccccc32)cc1,1
c1ccc(CNc2[nH]cnc3ncnc2-3)cc1,1
c1ccc(CNc2ncnc3c2ncn3C2CCCCO2)cc1,1
c1ccc(CNc2ncnc3c2ncn3[C@H]2CCCO2)cc1,1
c1ccc(CO/N=C(\Cn2ccnc2)c2ccccc2)cc1,1
c1ccc(COCC(OCc2ccccc2)[C@H]2OCC[C@H]2OCc2ccccc2)cc1,1
c1ccc(COCc2ccccc2)cc1,1
c1ccc(COOCc2ccccc2)cc1,1
c1ccc(CO[C@H]2CC3CCC2O3)cc1,1
c1ccc(COc2ccc(Nc3ncnc4ccc(-c5ccco5)cc34)cc2)cc1,1
c1ccc(COc2ccc3c(c2)OCC3)cc1,1
c1ccc(COc2ccc3oc(-c4nccs4)cc3c2)cc1,1
c1ccc(COc2ccccn2)cc1,1
c1ccc(COc2ccn(-c3ccccc3)n2)cc1,1
c1ccc(CSC(Cn2ccnc2)c2ccccc2)cc1,1
c1ccc(CSCc2ccccc2)cc1,1
c1ccc(CSc2nc3ccccc3[nH]2)nc1,1
c1ccc(C[C@@H]2COc3ccc(OCc4nc5ccccc5s4)cc3C2)cc1,1
c1ccc(C[C@@H]2NCCc3ccccc32)cc1,1
c1ccc(C[N+]2(CCOCCC3CCC4CC3C4)CCOCC2)cc1,1
c1ccc(C[n+]2cccc3ccccc32)cc1,1
c1ccc(Cc2cc(C3CCN(C[C@H]4CCC[C@@H]4c4ccccc4)CC3)[nH]n2)cc1,1
c1ccc(Cc2cc(Cc3ccccc3)cc(-n3nc4ccccc4n3)c2)cc1,1
c1ccc(Cc2ccc(Nc3ccc(Cc4ccccc4)cc3)cc2)cc1,1
c1ccc(Cc2cccc(Cc3ccccc3)c2)cc1,1
c1ccc(Cc2cccc[nH+]2)cc1,1
c1ccc(Cc2ccccc2)cc1.c1ccccc1,1
c1ccc(Cn2c(CN3CCCC3)nc3ccccc32)cc1,1
c1ccc(Cn2c3c(c4ccccc42)CNCC3)cc1.c1ccc(Cn2c3c(c4ccccc42)CNCC3)cc1.c1ccc2ccccc2c1,1
c1ccc(Cn2cc[nH+]c2)cc1,1
c1ccc(Cn2ccc3ccccc32)cc1,1
c1ccc(Cn2ccnn2)cc1,1
c1ccc(Cn2cnc3ccccc32)cc1,1
c1ccc(Cn2cnc3cncnc32)cc1,1
c1ccc(Cn2cncn2)cc1,1
c1ccc(N(CC2=NCCN2)c2ccccc2)cc1,1
c1ccc(N(Cc2cccnc2)c2ccccc2)cc1,1
c1ccc(N(Cc2cccs2)C2CCNCC2)cc1,1
c1ccc(N2CCCCC2)nc1,1
c1ccc(N2CCN(C3(c4ccccc4)CCCCC3)CC2)cc1,1
c1ccc(N2CCN(CCCOc3cccc4ccccc34)CC2)cc1,1
c1ccc(N2CCN(CCc3c[nH]c4ccccc34)CC2)cc1,1
c1ccc(N2CCN(CCc3nnc4n3CCCC4)CC2)cc1,1
c1ccc(N2CCOCC2)cc1,1
c1ccc(N=C2NCCN2)cc1,1
c1ccc(N=NNc2ccccc2)cc1,1
c1ccc(N=Nc2cccc(N=Nc3ccccc3)c2)cc1,1
c1ccc(N=Nc2cccc3ccccc23)cc1,1
c1ccc(N=Nc2cccnc2)cc1,1
c1ccc(NC2=NCCCS2)cc1,1
c1ccc(NC2CCCCO2)cc1,1
c1ccc(NC2CCN(Cc3cccs3)CC2)cc1,1
c1ccc(NC2Cc3ccccc3C2)cc1,1
c1ccc(NCC2CC2)cc1,1
c1ccc(NCC2CNc3ncncc3N2)cc1,1
c1ccc(NCCCNc2ccccc2)cc1,1
c1ccc(NCCCc2cccnc2)cc1,1
c1ccc(NCc2ccc3ncncc3c2)cc1,1
c1ccc(NCc2ccco2)cc1,1
c1ccc(NCc2cccs2)nc1,1
c1ccc(NCc2cccs2)nc1.c1ccc(NCc2cccs2)nc1,1
c1ccc(NCc2ccsc2)nc1,1
c1ccc(NNc2ccccc2)cc1,1
c1ccc(Nc2c3ccccc3nc3ccccc23)cc1,1
c1ccc(Nc2ccc(N=Nc3cccc4ccccc34)c3ccccc23)cc1,1
c1ccc(Nc2ccc(Nc3ccccc3)cc2)cc1,1
c1ccc(Nc2ccc3[nH]cnc3c2)cc1,1
c1ccc(Nc2cccc3ccccc23)cc1,1
c1ccc(Nc2ccnc3cc(OCCCN4CCNCC4)ccc23)cc1,1
c1ccc(Nc2ccncc2)cc1,1
c1ccc(Nc2ccncn2)cc1,1
c1ccc(Nc2nccc(C3CC3)n2)cc1,1
c1ccc(Nc2nccc(Nc3ccc4c[nH]nc4c3)n2)cc1,1
c1ccc(Nc2ncnc3cc(OCC4CCNCC4)ccc23)cc1,1
c1ccc(Nc2ncnc3cc(OCCCN4CCOCC4)ccc23)cc1,1
c1ccc(Nc2ncnc3ccc(OCCCN4CCOCC4)cc23)cc1,1
c1ccc(Nc2ncnc3ccccc23)cc1,1
c1ccc(Nc2ncnc3cnc(NC4CCNCC4)nc23)cc1,1
c1ccc(Nc2nnc(Cc3ccncc3)c3ccccc23)cc1,1
c1ccc(OC2CCCCC2)cc1,1
c1ccc(OCC2=NCCN2)cc1,1
c1ccc(OCC2CCCO2)cc1,1
c1ccc(OCC2CNCCO2)cc1,1
c1ccc(OCCCCC2CCNCC2)cc1,1
c1ccc(OCCCCCOc2ccccc2)cc1,1
c1ccc(OCCCCc2nnn[nH]2)cc1,1
c1ccc(OCCCN2CCC(c3noc4ccccc34)CC2)cc1,1
c1ccc(OCCCN2CCN(c3ccccc3)CC2)cc1,1
c1ccc(OCCCN2CCOCC2)cc1,1
c1ccc(OCCCNCCOc2ccccc2)cc1,1
c1ccc(OCCCNCCc2c[nH]c3ccccc23)cc1,1
c1ccc(OCCCN[C@H]2CC[C@H](c3ccccc3)CC2)cc1,1
c1ccc(OCCNCCCOc2cccc3[nH]c4ccccc4c23)cc1,1
c1ccc(OCCNc2ccncc2)cc1,1
c1ccc(OCCOCCOc2ccccc2)cc1,1
c1ccc(OCCn2ccnc2)cc1,1
c1ccc(OCc2ccc(CCCN3CCOCC3)cc2)cc1,1
c1ccc(OCc2ccno2)c(CNc2ncnc3c2ncn3[C@H]2CCCO2)c1,1
c1ccc(OCn2ccnc2)cc1,1
c1ccc(OP(Oc2ccccc2)Oc2ccccc2)cc1,1
c1ccc(OP2OCCCO2)cc1,1
c1ccc(O[C@H](c2ccccc2)[C@H]2CNCCO2)cc1,1
c1ccc(O[C@H]2CCCCO2)cc1,1
c1ccc(Oc2cc(Oc3ccccc3)ncn2)cc1,1
c1ccc(Oc2ccc(C3(Cn4cncn4)OCCO3)cc2)cc1,1
c1ccc(Oc2ccc(OCC3COCO3)cc2)cc1,1
c1ccc(Oc2ccc(OCCOc3ccccn3)cc2)cc1,1
c1ccc(Oc2ccc(Oc3ccccn3)cc2)nc1,1
c1ccc(Oc2ccc3nc[nH]c3c2)cc1,1
c1ccc(Oc2cccc3c2CCC3)cc1,1
c1ccc(Oc2ccccc2)cc1.c1ccc(Oc2ccccc2)cc1,1
c1ccc(Oc2ccccc2N2CCCC2)cc1,1
c1ccc(Oc2ccnc3ccccc23)cc1,1
c1ccc(Oc2cnc3ccccc3n2)cc1,1
c1ccc(Oc2nccc(-c3[nH]cnc3-c3ccccc3)n2)cc1,1
c1ccc(P(c2ccccc2)c2ccccc2)cc1,1
c1ccc(SC2CCNCC2)nc1,1
c1ccc(SCCSc2ccccc2)cc1,1
c1ccc(SCSc2ccccc2)cc1,1
c1ccc(SCc2cnc(-c3ccccc3)s2)cc1,1
c1ccc(SCc2sc(-c3ccccc3)nc2CN2CCN(c3ccccc3)CC2)cc1,1
c1ccc(SSc2cccc[nH+]2)[nH+]c1,1
c1ccc(SSc2ccccc2)cc1,1
c1ccc(Sc2ccc(COC(Cn3ccnc3)c3ccccc3)cc2)cc1,1
c1ccc(Sc2ccc3[nH]cnc3c2)cc1,1
c1ccc(Sc2ncccn2)cc1,1
c1ccc([C@@H]2CCCNC2)cc1,1
c1ccc([C@@H]2CCNC[C@H]2COc2ccc3c(c2)OCO3)cc1,1
c1ccc([C@@H]2CCc3ccccc32)cc1,1
c1ccc([C@@H]2CCc3ccccc3O2)cc1,1
c1ccc([C@@H]2COc3ccccc3[C@H]2c2ccc(OCCN3CCCC3)cc2)cc1,1
c1ccc([C@@]2(Cn3ccnc3)OC[C@H](COc3ccc(N4CCNCC4)cc3)O2)cc1,1
c1ccc([C@@]2(Cn3cncn3)OC[C@H](COc3ccc(N4CCNCC4)cc3)O2)cc1,1
c1ccc([C@H]2CN3CCSC3=N2)cc1,1
c1ccc([C@H]2CNCCc3ccccc32)cc1,1
c1ccc([C@H]2C[C@@H](c3ccc4c(c3)OCO4)c3cccnc32)cc1,1
c1ccc([PH+](c2ccccc2)c2ccccc2)cc1,1
c1ccc([S][Zn][S]c2cccc[nH+]2)[nH+]c1,1
c1ccc([SiH](Cn2cncn2)c2ccccc2)cc1,1
c1ccc2[nH+]c3ccccc3cc2c1.c1ccc2nc3ccccc3cc2c1,1
c1ccc2[nH]c(-c3n[nH]c4ncncc34)cc2c1,1
c1ccc2[nH]c(N3CCCNCC3)nc2c1,1
c1ccc2[nH]ccc2c1.c1ccc2[nH]ccc2c1,1
c1ccc2[nH]ncc2c1,1
c1ccc2c(/N=N\c3cccc4ccccc34)cccc2c1,1
c1ccc2c(C3CCCCC3)cccc2c1,1
c1ccc2c(C3CCNCC3)c[nH]c2c1,1
c1ccc2c(CCC3CCNCC3)c[nH]c2c1,1
c1ccc2c(CCCC3CCCO3)cccc2c1,1
c1ccc2c(C[C@@H]3CC4CCN3CC4)ccnc2c1.c1ccc2c(C[C@@H]3CC4CCN3CC4)ccnc2c1,1
c1ccc2c(C[C@H]3CCCCN3)ccnc2c1,1
c1ccc2c(Cc3cccc4ccccc34)cccc2c1,1
c1ccc2c(Cn3ccnc3)c[nH]c2c1,1
c1ccc2c(c1)-c1cccc3c1c-2cc1ccccc13,1
c1ccc2c(c1)-c1ccccc1C2[NH2+]CCCCCC[NH2+]C1c2ccccc2-c2ccccc21,1
c1ccc2c(c1)C1CCC2c2ccccc21,1
c1ccc2c(c1)CC(C1=NCCN1)O2,1
c1ccc2c(c1)CC(c1cnc[nH]1)C2,1
c1ccc2c(c1)CC1COc3ccccc3[C@H]21,1
c1ccc2c(c1)CC1ON2C[C@@H]2N[C@H]12,1
c1ccc2c(c1)CC1c3cc4c(cc3CCN1C2)OCO4,1
c1ccc2c(c1)CCC(CCNCCCc1nc3ccccc3[nH]1)C2,1
c1ccc2c(c1)CCCC2C1=NCCN1,1
c1ccc2c(c1)CCCCc1cc3c(cc1-2)OCO3,1
c1ccc2c(c1)CCN1CCCCC21,1
c1ccc2c(c1)CCNC2,1
c1ccc2c(c1)CCNC2.c1ccc2c(c1)CCNC2,1
c1ccc2c(c1)CCNCC2,1
c1ccc2c(c1)CCN[C@@H]2C[C@@H]1CCN2CCc3ccccc3[C@@H]2C1,1
c1ccc2c(c1)CCN[C@H]1CCc3ccccc3[C@H]21,1
c1ccc2c(c1)CC[C@@H](CCNCC[C@H]1CCc3ccccc3O1)O2,1
c1ccc2c(c1)CC[n+]1cc3ccccc3cc1-2,1
c1ccc2c(c1)CCc1cccc3c1[C@H]2CN1CCCC[C@@H]31,1
c1ccc2c(c1)CCc1ccccc1C2O[C@H]1C[C@H]2CC[C@@H](C1)N2,1
c1ccc2c(c1)CCc1sccc1C2=C1CCNCC1,1
c1ccc2c(c1)CN1CCCCCC1=N2,1
c1ccc2c(c1)COc1ccccc1-2,1
c1ccc2c(c1)C[C@H]1CC2CCN1,1
c1ccc2c(c1)C[C@H]1CC2CCN1.c1ccc2c(c1)C[C@H]1CC2CCN1,1
c1ccc2c(c1)C[C@H]1CC2CCN1CC1CC1,1
c1ccc2c(c1)C[C@H]1NC2c2ccccc21,1
c1ccc2c(c1)C[C@H]1NCC[C@@]23CCCCC13,1
c1ccc2c(c1)C[C@H]1NCC[C@@]23CCCC[C@@H]13,1
c1ccc2c(c1)C[C@H]1NCCc3cccc-2c31,1
c1ccc2c(c1)C[C@H]1NCCc3cccc-2c31.c1ccc2c(c1)C[C@H]1NCCc3cccc-2c31,1
c1ccc2c(c1)C[NH2+]C2,1
c1ccc2c(c1)Cc1ccccc1N1CCNCC21,1
c1ccc2c(c1)Cc1ccccc1N2,1
c1ccc2c(c1)Cc1cccnc1N1CCNCC21,1
c1ccc2c(c1)Cn1ccnc1N2,1
c1ccc2c(c1)N=C(N1CCNCC1)c1ccccc1N2,1
c1ccc2c(c1)N=C(N1CCNCC1)c1ccccc1S2.c1ccc2c(c1)N=C(N1CCNCC1)c1ccccc1S2,1
c1ccc2c(c1)N=C(N1CCNCC1)c1ccsc1N2,1
c1ccc2c(c1)NC1CCNCC21,1
c1ccc2c(c1)N[C@H]1NCCC21,1
c1ccc2c(c1)N[C@H]1[C@@H]3C[C@H]4CCN3[C@H]3C[C@@]21CC43,1
c1ccc2c(c1)Nc1cc(N3CCNCC3)nnc1O2,1
c1ccc2c(c1)Nc1ccccc1S2.c1ccc2c(c1)Nc1ccccc1S2,1
c1ccc2c(c1)Nc1ncccc1S2,1
c1ccc2c(c1)OC1CC[C@H]3CCCCC34CO[C@@H]2[C@@H]14,1
c1ccc2c(c1)OCC(C1=NCCN1)O2,1
c1ccc2c(c1)OCC(CN1CCCCC1)O2,1
c1ccc2c(c1)OCC(Cc1ncc[nH]1)O2,1
c1ccc2c(c1)OCCO2,1
c1ccc2c(c1)O[C@H]1CCC[C@@H]21,1
c1ccc2c(c1)Oc1ccccc1S2,1
c1ccc2c(c1)Oc1ccccc1[C@@H]1CNC[C@@H]21,1
c1ccc2c(c1)Sc1ccccc1C2=C1CCNCC1,1
c1ccc2c(c1)Sc1ccccc1C2CC1CCCNC1,1
c1ccc2c(c1)Sc1ccccc1N2CC1CCCNC1,1
c1ccc2c(c1)Sc1ccccc1N2CC1CCNC1,1
c1ccc2c(c1)Sc1ccccc1N2CC1CN2CCC1CC2,1
c1ccc2c(c1)Sc1ccccc1N2CCN1CCCC1,1
c1ccc2c(c1)Sc1ccccc1N2C[C@@H]1CN2CCC1CC2,1
c1ccc2c(c1)[nH]c1cnccc12,1
c1ccc2c(c1)c1c3n2CCC2CCCN(CC1)[C@H]32,1
c1ccc2c(c1)c1c3n2CCNC3=NCC1,1
c1ccc2c(c1)c1c3n2CCNC3CCC1,1
c1ccc2c(c1)c1cccc3ccc4cccc2c4c31,1
c1ccc2c(c1)c1ccccc1n2CCCN1CCNCC1,1
c1ccc2c(c1)ccc1c3ccccc3ccc21,1
c1ccc2c(c1)ccc1cc3c(ccc4ccccc43)cc12,1
c1ccc2c(c1)ccc1ccc3c(c12)OCO3,1
c1ccc2c(c1)ccc1ncccc12,1
c1ccc2c(c1)ccc[n+]2CCCCCCCCCC[n+]1cccc2ccccc21,1
c1ccc2c(c1)ncc1nc[nH]c12,1
c1ccc2c(c1)sc1ccccc12,1
c1ccc2c(c1)sc1nncn12,1
c1ccc2c3c([nH]c2c1)COCC3,1
c1ccc2c3c([nH]c2c1)[C@@H]1C[C@@H]2CCCC[C@@H]2CN1CC3,1
c1ccc2c3c([nH]c2c1)[C@@H]1C[C@H]2CC[C@@H]1N(CC3)C2,1
c1ccc2c3c([nH]c2c1)[C@H]1C[C@@H]2CCCC[C@@H]2CN1CC3,1
c1ccc2c[n+]3c(cc2c1)-c1cc2c(cc1CC3)OCO2,1
c1ccc2c[nH+]ccc2c1,1
c1ccc2cc(-c3ccc4ccccc4c3)ccc2c1,1
c1ccc2cc(CC3=NCCN3)ccc2c1,1
c1ccc2cc(N=Nc3ccc(-c4ccc(N=Nc5ccc6ccccc6c5)cc4)cc3)ccc2c1,1
c1ccc2cc(Nc3ccc(Nc4ccc5ccccc5c4)cc3)ccc2c1,1
c1ccc2cc(SSc3ccc4ccccc4c3)ccc2c1,1
c1ccc2cc3c(cc2c1)-c1cccc2cccc-3c12,1
c1ccc2cc3c4ccccc4c4ccccc4c3cc2c1,1
c1ccc2nc(N3CCCNCC3)ncc2c1,1
c1ccc2nc(N3CCNCC3)ccc2c1,1
c1ccc2nc3ccccc3cc2c1.c1ccc2nc3ccccc3cc2c1,1
c1ccc2ncccc2c1.c1ccc2ncccc2c1,1
c1ccc2ncccc2c1.c1ccccc1,1
c1ccc2ocnc2c1,1
c1ccc2oncc2c1,1
c1ccc2sc(SN(C3CCCCC3)C3CCCCC3)nc2c1,1
c1ccc2sc(SN3CCOCC3)nc2c1,1
c1ccc2sc(SNC3CCCCC3)nc2c1,1
c1ccc2sc(SSN3CCOCC3)nc2c1,1
c1ccc2sc(SSc3nc4ccccc4s3)nc2c1,1
c1ccc2snnc2c1,1
c1ccn2ccnc2c1,1
c1ccn2nccc2c1,1
c1ccnnc1,1
c1cn(CCN2CCOCC2)cn1,1
c1cnc(-n2cccn2)nc1,1
c1cnc(N2CCN(Cc3ccc4c(c3)OCO4)CC2)nc1,1
c1cnc(Oc2cccc(Oc3ncccn3)c2)nc1,1
c1cnc2c(c1)ccc1cccnc12,1
c1cnc2c(n1)CCC2,1
c1cnc2c(n1)CCCC2,1
c1cnc2cc(NC3=NCCN3)ccc2n1,1
c1cnc2cc3c(cc2n1)C1CNCC3C1,1
c1cnc2ccc3[nH]cnc3c2c1,1
c1cnc2ccnn2c1,1
c1cnc2ncnn2c1,1
c1cncc(-c2c[nH]c3ccccc23)c1,1
c1cncc(C2=NCCS2)c1,1
c1cncc(CCn2c3c(c4ccccc42)CNCC3)c1,1
c1cncc(CSSCc2cccnc2)c1,1
c1cncc(Cc2ccc3occc3c2)c1,1
c1cncc([C@@H]2CCCCN2)c1,1
c1cncc([C@@H]2CCCN2)c1,1
c1cncc([C@@H]2C[C@H]3CC[C@@H]2N3)c1,1
c1cncc([C@H]2CCCN2)c1,1
c1cnn(-c2ncc3ncn([C@H]4CCCO4)c3n2)c1,1
c1cnoc1,1
c1cnsc1,1
c1coc(-c2nc3ccccc3[nH]2)c1,1
c1coc(CNc2[nH]cnc3ncnc2-3)c1,1
c1coc(Cn2cccc2)c1,1
c1csc(-c2ccc(-c3cccs3)s2)c1,1
c1csc(-c2cscn2)c1,1
c1csc(C(=C2CCC[NH2+]C2)c2cccs2)c1,1
c1csc(C(=C2CC[C@H]3CCCC[NH+]3C2)c2cccs2)c1,1
c1csc(C2(N3CCCCC3)CCCCC2)c1,1
c1csc(CCN[C@H]2CCc3ccccc3C2)c1,1
c1csc(CNc2ccccc2-c2nnn[nH]2)c1,1
c1csc(COc2cccc3ccccc23)c1,1
c1csc(SSc2cccs2)c1,1
c1nc(N2CCCCC2)c2ncnc(N3CCCCC3)c2n1,1
c1nc(Sc2cnc[nH]2)c2[nH]cnc2n1,1
c1nc2c(o1)CCNCC2,1
c1nc2c(s1)CCCC2,1
c1nc2c(s1)CCNCC2,1
c1nc[n-]n1,1
c1ncc(CCCCCCCc2ccc3c(n2)NCCC3)cn1,1
c1ncc(NC2=NCCN2)cn1,1
c1ncc2c(n1)C[C@H]1CCCN[C@@H]1C2,1
c1ncc2cn[nH]c2n1,1
c1ncn(Cc2ccc3[nH]ccc3c2)n1,1
c1ncn([C@H]2CCCO2)n1,1
c1ncsn1,1
c1nnn[nH]1,1
c1nsnc1N1CCOCC1,1
